30,40,50,60,70,80,90,100,110,120,130,140,150,160,170,180,190,200,210,220,230,240,250,260,270,280,290,300,310,320,330,340,350,360,370,380,390,400,410,420,430,440,450
-3991.028,-3573.244,-3418.867,-3186.341,-3009.214,-2818.345,-2666.134,-2519.96,-2378.43,-2253.716,-2136.232,-2036.051,-1939.524,-1842.98,-1764.908,-1684.45,-1611.44,-1539.45,-1468.797,-1384.302,-1297.528,-1193.713,-1089.578,-986.2228,-887.0018,-781.8945,-678.2679,-584.0096,-495.6505,-416.7294,-346.5293,-290.955,-242.7184,-202.7152,-170.8826,-143.2595,-124.1011,-108.1025,-92.73783,-81.16354,-70.68811,-58.42315,-50.99653
-4315.723,-3875.448,-3715.663,-3468.285,-3275.932,-3073.108,-2907.726,-2747.688,-2592.104,-2453.216,-2321.565,-2211.43,-2102.391,-1994.083,-1903.804,-1816.502,-1733.364,-1654.225,-1574.089,-1485.131,-1385.616,-1274.15,-1154.796,-1041.048,-932.4628,-812.5587,-704.5217,-598.7932,-504.759,-420.6631,-349.8055,-289.9066,-239.1914,-200.1329,-167.0372,-139.9674,-121.9845,-105.1488,-90.12923,-78.30846,-68.12814,-57.00351,-49.64405
-4666.455,-4203.37,-4038.092,-3774.681,-3568.071,-3348.105,-3169.346,-2993.912,-2822.049,-2667.735,-2524.045,-2397.528,-2274.911,-2154.586,-2049.784,-1953.885,-1862.663,-1770.728,-1681.176,-1587.191,-1475.658,-1351.982,-1218.427,-1094.931,-973.4633,-842.2701,-726.0107,-611.1924,-511.0804,-422.9253,-349.7174,-287.0609,-235.4288,-196.0426,-162.5496,-135.7661,-118.1696,-101.694,-87.13306,-76.77227,-65.94123,-55.40894,-48.18044
-5045.65,-4559.11,-4388.665,-4108.064,-3892.438,-3648.763,-3453.156,-3260.418,-3070.161,-2898.322,-2734.152,-2595.608,-2457.26,-2322.243,-2204.968,-2096.855,-1995.266,-1893.786,-1792.423,-1686.238,-1564.009,-1428.478,-1284.506,-1146.388,-1009.703,-869.7055,-745.5325,-620.6982,-515.0842,-426.0305,-346.6796,-283.1744,-230.6426,-191.1354,-157.3911,-131.4522,-114.1109,-97.99684,-83.89047,-73.25889,-63.53588,-53.75796,-46.71749
-5455.005,-4944.37,-4768.885,-4469.581,-4234.542,-3973.353,-3759.964,-3549.794,-3336.56,-3144.918,-2966.087,-2805.396,-2649.469,-2497.554,-2366.476,-2245.422,-2138.238,-2019.805,-1903.712,-1787.857,-1653.06,-1504.776,-1345.022,-1194.308,-1046.516,-894.9048,-761.8564,-627.8512,-516.8632,-425.2386,-343.3822,-278.1113,-224.8311,-185.5138,-151.763,-126.6341,-110.046,-94.10651,-80.4904,-70.13298,-61.03818,-51.90861,-45.31647
-5896.323,-5361.535,-5180.934,-4861.672,-4605.763,-4324.563,-4091.301,-3859.318,-3621.93,-3408.169,-3200.587,-3026.582,-2851.221,-2679.195,-2533.505,-2398.704,-2275.687,-2147.31,-2018.484,-1888.528,-1741.234,-1579.695,-1404.831,-1238.957,-1080.217,-916.6631,-774.2892,-632.2896,-516.5541,-421.8578,-338.0588,-272.0064,-218.3501,-179.3584,-145.8486,-121.4827,-105.3924,-90.20306,-77.01868,-67.1715,-59.20682,-49.81562,-43.58223
-6372.954,-5813.255,-5627.758,-5286.586,-5009.252,-4703.809,-4448.217,-4191.434,-3927.463,-3689.993,-3466.937,-3259.406,-3062.131,-2870.608,-2706.042,-2556.142,-2418.323,-2275.511,-2134.012,-1989.572,-1829.119,-1652.315,-1463.279,-1283.286,-1109.176,-936.048,-784.2768,-634.7212,-514.162,-416.8921,-332.1421,-264.9572,-211.3284,-172.8505,-139.7564,-116.142,-100.6065,-86.08015,-73.51486,-64.16009,-56.62549,-47.74366,-41.7952
-6886.469,-6302.078,-6111.662,-5746.652,-5446.145,-5112.793,-4832.8,-4548.145,-4253.208,-3987.332,-3736.756,-3503.727,-3279.977,-3067.789,-2883.319,-2716.648,-2566.298,-2404.155,-2250.642,-2092.85,-1916.415,-1721.877,-1519.245,-1323.324,-1136.627,-951.9622,-790.8381,-634.7279,-509.8417,-410.8682,-325.0163,-257.2887,-203.8455,-166.3816,-133.433,-110.7353,-95.77051,-81.95539,-69.99305,-61.60093,-54.03856,-45.69267,-40.01429
-7340.12,-6830.901,-6636.452,-6244.618,-5919.826,-5555.55,-5246.765,-4929.793,-4600.209,-4302.039,-4020.638,-3758.992,-3507.599,-3270.823,-3064.983,-2880.603,-2711.629,-2534.542,-2365.574,-2196.235,-2003.252,-1791.056,-1572.684,-1361.035,-1160.249,-964.8419,-795.6808,-632.6595,-504.1438,-403.5355,-316.877,-249.0852,-196.0795,-159.0235,-127.1039,-105.2287,-90.9367,-77.85191,-66.51625,-58.95201,-51.45652,-43.66245,-38.21592
-7945.523,-7321.163,-7203.349,-6784.184,-6431.295,-6030.206,-5690.421,-5337.492,-4968.456,-4634.13,-4316.985,-4023.74,-3742.691,-3478.471,-3248.803,-3045.425,-2857.426,-2665.409,-2478.679,-2297.095,-2088.559,-1860.331,-1623.259,-1396.034,-1182.155,-975.81,-797.4436,-628.6033,-496.8586,-394.9404,-308.1736,-240.5264,-188.1041,-152.0965,-120.7534,-99.77682,-86.23376,-73.80793,-63.0995,-55.23541,-48.95433,-41.64986,-36.44347
-8596.357,-7944.306,-7746.086,-7365.166,-6977.577,-6541.531,-6165.537,-5771.347,-5357.078,-4981.899,-4625.722,-4296.563,-3982.376,-3688.728,-3434.437,-3210.484,-3005.358,-2794.03,-2596.655,-2397.537,-2169.955,-1925.064,-1670.866,-1428.237,-1199.437,-982.2145,-797.7731,-622.7227,-488.4691,-385.4353,-298.6848,-231.7367,-180.0241,-145.0195,-114.4947,-94.45801,-81.59189,-69.87688,-59.77557,-52.41574,-46.52171,-39.66058,-34.82675
-9296.063,-8617.141,-8412.803,-7931.999,-7511.763,-7089.661,-6673.302,-6232.33,-5767.571,-5346.481,-4945.753,-4576.884,-4225.937,-3901.017,-3620.282,-3375.53,-3162.9,-2922.929,-2708.807,-2495.96,-2258.317,-1987.032,-1716.924,-1456.74,-1215.951,-987.1392,-794.5595,-614.6702,-479.1372,-375.326,-289.298,-222.7254,-171.9962,-137.9961,-108.428,-89.3196,-77.15031,-66.10361,-56.60483,-49.6793,-44.24097,-37.81091,-33.27369
-10048.43,-9340.676,-9132.095,-8612.117,-8149.687,-7625.415,-7213.69,-6719.773,-6198.813,-5725.081,-5275.285,-4863.528,-4473.306,-4113.277,-3805.309,-3539.85,-3309.301,-3042.85,-2818.054,-2593.029,-2344.033,-2048.775,-1758.682,-1484.336,-1225.688,-989.0581,-789.976,-606.1486,-468.8087,-364.7392,-279.6124,-213.9408,-164.119,-131.0752,-102.5927,-84.41303,-72.89756,-62.49969,-53.58559,-47.61673,-42.01459,-36.16083,-31.76185
-10856.51,-10119.56,-9905.163,-9341.519,-8846.77,-8254.756,-7740.588,-7233.776,-6647.968,-6117.354,-5612.859,-5148.308,-4720.386,-4324.089,-4011.9,-3703.089,-3453.751,-3171.057,-2933.088,-2689.358,-2422.65,-2110.095,-1799.056,-1507.631,-1236.336,-989.5015,-784.9908,-596.4805,-457.761,-353.8533,-271.0924,-204.9202,-156.3349,-124.2471,-96.96297,-79.67435,-68.78255,-59.03954,-50.6715,-44.76766,-39.85147,-34.37474,-30.31127
-11722.86,-10956.86,-10735.79,-10122.94,-9586.099,-8923.723,-8350.878,-7773.955,-7116.042,-6520.487,-5955.787,-5437.345,-4967.021,-4534.143,-4192.874,-3861.32,-3593.052,-3299.438,-3038.263,-2783.123,-2499.147,-2170.605,-1835.907,-1529.761,-1243.78,-987.5397,-777.3887,-586.6436,-445.8626,-342.3906,-258.9015,-195.9485,-148.7124,-117.697,-91.55012,-75.14466,-64.87947,-55.74205,-47.88917,-42.18898,-37.79415,-32.72679,-28.87201
-12643.95,-11852.33,-11622.08,-10956.8,-10351.58,-9625.579,-8994.104,-8291.964,-7597.039,-6928.541,-6300.497,-5730.064,-5209.747,-4736.651,-4367.472,-4014.937,-3722.732,-3419.522,-3143.948,-2871.147,-2581.856,-2223.947,-1870.081,-1550.071,-1247.07,-982.169,-766.3732,-574.4857,-432.7839,-330.3844,-248.1913,-186.57,-140.9654,-111.3861,-86.17934,-70.62485,-61.00459,-52.41087,-45.09142,-39.76242,-35.68401,-30.96488,-27.40547
-13636.44,-12813.99,-12577.92,-11846.38,-11180.95,-10375.48,-9662.622,-8881.347,-8051.781,-7346.538,-6643.836,-6019.558,-5442.2,-4934.619,-4539.224,-4164.422,-3861.986,-3538.113,-3250.132,-2961.666,-2653.852,-2278.507,-1908.365,-1565.365,-1263.178,-975.371,-755.9534,-561.3735,-419.6785,-317.9226,-237.7109,-177.8057,-133.5069,-103.8784,-81.06232,-66.32646,-57.27808,-49.28728,-42.44421,-37.72658,-33.7258,-29.31065,-26.01782
-14694.66,-13841.69,-13595.53,-12793.41,-12056.69,-11160.71,-10364.31,-9486.069,-8557.012,-7729.333,-6986.592,-6300.737,-5670.499,-5125.497,-4700.615,-4309.378,-3990.823,-3646.86,-3347.407,-3052.971,-2726.79,-2330.695,-1940.829,-1577.989,-1264.825,-967.6683,-742.6922,-547.4446,-406.1623,-305.8073,-227.3711,-169.0579,-126.3109,-97.57145,-76.2313,-62.30074,-53.77047,-46.32118,-39.94344,-35.74171,-31.85615,-27.75871,-24.67488
-15826.45,-14943,-14684.16,-13800.31,-12995.38,-11984.31,-11095.15,-10108.77,-9069.672,-8151.296,-7323.817,-6571.378,-5893.314,-5309.517,-4859.262,-4449.316,-4118.418,-3758.437,-3447.957,-3141.633,-2797.856,-2380.012,-1968.734,-1590.316,-1263.883,-958.3364,-730.3659,-533.3328,-392.588,-293.7478,-217.228,-160.6472,-119.4231,-91.90952,-71.66295,-58.47929,-50.51712,-43.53716,-37.59316,-33.75937,-30.10179,-26.24392,-23.41346
-17023.43,-16108.92,-15836.05,-14859.49,-13968.03,-12837.18,-11843.66,-10737.27,-9579.895,-8562.349,-7620.148,-6834.535,-6104.386,-5483.185,-5007.539,-4582.605,-4239.835,-3874.544,-3546.669,-3225.401,-2858.463,-2427.902,-1995.653,-1597.073,-1259.572,-946.77,-714.4594,-518.5923,-378.4805,-281.3637,-206.9264,-152.2612,-112.7128,-86.59821,-67.25647,-54.80572,-47.35506,-40.82148,-35.29678,-31.33183,-28.43473,-24.79636,-22.142
-18291.77,-17344.94,-17052.08,-15973.27,-14983.67,-13718.42,-12609.92,-11372.11,-10084.67,-8963.475,-7933.233,-7054.565,-6301.03,-5645.453,-5146.542,-4711.344,-4355.115,-3981.388,-3641.488,-3309.596,-2925.63,-2465.48,-2018.251,-1603.59,-1255.305,-931.6415,-698.1044,-502.5381,-364.1379,-268.9489,-196.6476,-144.0957,-106.1678,-81.88718,-62.98732,-51.26482,-44.29007,-38.1827,-33.07806,-29.41302,-26.74895,-23.39926,-20.89673
-19645.19,-18662.58,-18345.67,-17147.57,-16049.23,-14633.21,-13394.06,-12012.44,-10585.95,-9354.987,-8235.234,-7290.471,-6465.216,-5798.772,-5280.205,-4833.164,-4471.581,-4086.582,-3736.915,-3393.222,-2990.671,-2510.573,-2043.434,-1610.018,-1249.553,-915.5296,-681.8806,-486.9868,-350.2349,-257.3312,-186.9172,-136.529,-100.2276,-77.32168,-59.21138,-48.15247,-41.57783,-35.87991,-31.1406,-27.74717,-25.2749,-22.14211,-19.81009
-21082.88,-20063.69,-19717.17,-18377.38,-17142.77,-15572.16,-14191.79,-12651.35,-11074.49,-9732.564,-8522.321,-7513.365,-6644.564,-5945.487,-5414.796,-4957.188,-4596.311,-4195.428,-3833.978,-3481.325,-3062.844,-2557.482,-2066.158,-1617.011,-1242.506,-900.307,-664.975,-471.6371,-336.8611,-246.2245,-178.1628,-129.5159,-94.77612,-73.62135,-55.8412,-45.39588,-39.18334,-33.83101,-29.4121,-26.26555,-23.955,-21.02693,-18.8563
-22611.75,-21547.03,-21166.37,-19666.05,-18299.2,-16531.98,-14998.66,-13284.16,-11554.78,-10096.1,-8796.196,-7727.041,-6814.302,-6070.479,-5541.691,-5077.738,-4719.192,-4305.329,-3930.878,-3567.354,-3129.773,-2603.893,-2083.56,-1625.516,-1229.447,-884.8354,-647.7348,-456.624,-323.8748,-235.6058,-169.8092,-122.9072,-89.72801,-69.83717,-52.78693,-42.87426,-37.01066,-31.95426,-27.82181,-24.89341,-22.75705,-20.02248,-17.98879
-24217.1,-23109.18,-22684.64,-21007.76,-19478.32,-17505.26,-15802.66,-13904.04,-12009.35,-10434.4,-9045.104,-7922.1,-6969.919,-6202.51,-5665.872,-5195.96,-4835.786,-4415.205,-4034.059,-3658.394,-3203.895,-2649.87,-2107.359,-1645.126,-1213.851,-871.3187,-631.4894,-443.4565,-312.9394,-226.7453,-163.128,-117.898,-86.32603,-67.26537,-50.24822,-41.23526,-35.64681,-30.87906,-26.97918,-24.22544,-22.00181,-19.55051,-17.61872
-25915.5,-24753.16,-24275.83,-22391.48,-20679.62,-18480.71,-16599.97,-14497.26,-12441.76,-10751.1,-9276.168,-8100.243,-7115.633,-6328.78,-5767.942,-5310.773,-4954.104,-4524.822,-4133.03,-3745.557,-3268.669,-2691.24,-2121.07,-1641.154,-1203.471,-852.0978,-613.4775,-427.7588,-300.088,-216.5836,-155.1663,-111.7917,-81.64417,-63.75963,-47.44822,-38.9365,-33.61448,-29.07924,-25.43799,-22.87292,-20.64398,-18.57444,-16.77654
-27701.91,-26478.52,-25937.76,-23819.05,-21882.83,-19458.2,-17378.91,-15074.34,-12844.8,-11042.92,-9489.225,-8261.506,-7250.438,-6447.271,-5880.478,-5426.357,-5067.471,-4632.983,-4229.899,-3824.444,-3337.037,-2748.824,-2134.844,-1632.96,-1188.052,-833.4216,-594.5629,-411.8417,-287.4564,-206.5849,-147.5854,-105.9985,-77.31464,-60.37098,-44.95205,-36.83111,-31.76695,-27.3643,-24.13829,-21.72366,-19.44983,-17.61402,-15.9792
-29579.64,-28290.22,-27671.86,-25287.58,-23130.89,-20431.01,-18145.02,-15627.62,-13224.02,-11315.8,-9685.027,-8416.813,-7380.301,-6563.898,-5993.72,-5530.592,-5192.983,-4737.725,-4327.702,-3913.686,-3402.979,-2787.825,-2148.175,-1620.819,-1171.008,-813.2092,-576.2424,-396.0819,-274.9316,-196.8468,-140.0875,-100.1969,-73.0044,-56.92804,-42.4896,-34.81957,-28.77519,-25.69752,-22.74675,-20.49323,-18.44653,-16.72161,-15.18884
-31538.89,-30165.1,-29456.03,-26773.07,-24375.53,-21377.95,-18882.39,-16138,-13569.86,-11560.4,-9859.842,-8557.337,-7503.025,-6677.087,-6109.109,-5641.977,-5305.844,-4851.917,-4421.665,-3998.412,-3470.638,-2821.711,-2155.281,-1613.498,-1152.644,-794.0671,-557.8606,-380.8642,-263.8238,-188.4382,-134.0523,-95.28865,-69.65174,-54.27414,-40.56822,-33.23847,-27.3893,-24.44611,-21.75935,-19.38651,-17.85891,-16.09056,-14.64756
-33590.19,-32117,-31303.25,-28286.36,-25639.5,-22306.76,-19587.79,-16611.88,-13886.77,-11779.33,-10021.42,-8687.186,-7620.714,-6783.13,-6218.456,-5758.529,-5425.018,-4936.408,-4518.404,-4078.263,-3530.488,-2848.172,-2161.044,-1604.97,-1137.492,-770.8442,-536.3521,-365.1382,-251.4772,-179.1221,-127.1001,-90.13531,-65.79104,-51.31012,-38.34266,-31.39274,-25.8003,-23.06868,-20.55615,-18.14923,-16.80288,-15.2722,-13.87956
-35735.33,-34144.38,-33203.15,-29818.16,-26851.75,-23213.81,-20274.73,-17069.81,-14189.65,-11988.67,-10176.14,-8820.563,-7747.791,-6902.057,-6341.688,-5881.676,-5550.692,-5073.708,-4614.88,-4164.757,-3593.638,-2877.935,-2167.905,-1592.844,-1115.098,-750.9688,-518.7562,-351.7359,-241.8377,-172.1653,-122.2419,-86.71105,-63.18675,-49.03027,-36.98736,-30.27817,-24.84779,-22.38119,-19.84439,-17.50919,-16.20806,-14.88019,-13.47577
-37950.33,-36224.95,-35141.44,-31342.35,-28079.04,-24076.49,-20890.89,-17476.72,-14446.18,-12171.37,-10310.6,-8933.365,-7856.944,-7006.105,-6440.375,-5995.674,-5672.232,-5169.561,-4710.517,-4243.064,-3645.519,-2897.437,-2161.236,-1571.493,-1087.5,-725.5724,-498.387,-335.3857,-230.0957,-163.3591,-115.8295,-82.06869,-59.71875,-46.41978,-34.99965,-28.64586,-23.45139,-21.07075,-18.76246,-16.51066,-15.27685,-14.05141,-12.75811
-40235.57,-38348,-37096.43,-32849.33,-29244.24,-24893.44,-21474.41,-17845.95,-14683.9,-12335.37,-10439.79,-9045.735,-7966.304,-7114.164,-6542.51,-6114.188,-5794.359,-5293.33,-4806.734,-4333.838,-3699.382,-2917.347,-2146.213,-1549.755,-1062.934,-703.41,-480.1131,-321.4386,-220.5591,-156.5571,-111.1089,-78.90075,-57.30103,-44.64905,-33.72155,-27.58628,-22.52597,-20.18104,-18.07827,-15.94761,-14.75357,-13.64569,-12.35666
-42593.76,-40521.09,-39078.71,-34345.71,-30361.65,-25668.97,-22003.55,-18175.42,-14893.95,-12482.55,-10556.79,-9151.937,-8067.859,-7219.336,-6655.575,-6222.817,-5914.344,-5392.941,-4888.214,-4409.096,-3743.788,-2925.828,-2126.342,-1524.005,-1033.174,-677.5668,-460.0598,-306.9973,-210.295,-149.1246,-105.8272,-75.16704,-54.58451,-42.59332,-32.22429,-26.37611,-21.47204,-19.27898,-17.29476,-15.24768,-14.05287,-13.07872,-11.81083
-45032.91,-42727.25,-41069.55,-35813.91,-31463.88,-26398.93,-22532.13,-18479.8,-15090.62,-12628.03,-10678.74,-9264.816,-8179.747,-7324.385,-6773.427,-6340.394,-6040.803,-5483.36,-4964.767,-4485.231,-3781.133,-2931.295,-2106.901,-1495.779,-1004.316,-652.4893,-440.2848,-293.2035,-200.7683,-142.3584,-101.0247,-71.78177,-52.16752,-40.75377,-30.90965,-25.35126,-20.50462,-18.47312,-16.58942,-14.63153,-13.50712,-12.59279,-11.36573
-47521.2,-44959.81,-43067.46,-37255.07,-32530.65,-27080.43,-22983.72,-18766.94,-15273.86,-12766.28,-10791.67,-9377.036,-8291.639,-7432.711,-6885.832,-6449.813,-6156.291,-5574.133,-5062.242,-4532.212,-3809.003,-2929.59,-2090.988,-1462.975,-974.0402,-627.8264,-422.0383,-279.9124,-191.6372,-135.8914,-96.34492,-68.653,-49.90653,-39.06574,-29.69739,-24.38051,-19.62556,-17.7805,-15.94349,-14.05453,-12.98925,-12.14161,-10.98696
-50063.94,-47198.27,-45048.64,-38642.79,-33500.18,-27714.11,-23423.32,-19025.26,-15447.47,-12896.4,-10904.67,-9487.531,-8394.797,-7537.968,-6997.165,-6560.426,-6264.262,-5651.093,-5139.686,-4575.209,-3820.256,-2920.031,-2064.783,-1428.452,-938.7483,-602.3019,-402.1258,-266.2352,-182.271,-129.2803,-91.54807,-65.31375,-47.56622,-37.25525,-28.37485,-23.29168,-19.57748,-17.06876,-15.19753,-13.43611,-12.39917,-11.63009,-10.52994
-52665.05,-49452.33,-47014.38,-40003.55,-34448.61,-28320.78,-23836.83,-19282.04,-15620.03,-13042.71,-11031.61,-9603.539,-8491.811,-7655.72,-7112.988,-6670.398,-6382.59,-5748.526,-5216.457,-4622.274,-3834.851,-2909.553,-2019.279,-1387.794,-906.1207,-579.0485,-385.8294,-254.8844,-174.7152,-124.2667,-88.37357,-63.10661,-45.97997,-36.12259,-27.6148,-22.68061,-19.2809,-16.61457,-14.80526,-13.01465,-12.10189,-11.31274,-10.32123
-55260.88,-51666.79,-48925.64,-41273.12,-35353.47,-28877.79,-24212.34,-19491.87,-15776.37,-13166.78,-11144.22,-9710.908,-8601.471,-7750.62,-7198.796,-6761.221,-6468.279,-5849.117,-5284.863,-4640.804,-3827.797,-2876.438,-1975.402,-1342.622,-873.2505,-552.7902,-366.5123,-241.8291,-165.774,-118.131,-84.08475,-60.13083,-43.86341,-34.40376,-26.41819,-21.71851,-18.42752,-15.79994,-14.15883,-12.44549,-11.54786,-10.76629,-9.872715
-57896.69,-53875.04,-50801.39,-42510.79,-36203.57,-29416.5,-24569.48,-19721.93,-15944.54,-13306.38,-11274.83,-9824.87,-8738.469,-7848.012,-7303.32,-6863.338,-6541.478,-5913.442,-5329.811,-4677.722,-3815.271,-2841.534,-1916.765,-1298.841,-838.5057,-528.2267,-350.4508,-230.523,-158.187,-113.0122,-80.63456,-57.78936,-42.22727,-33.21042,-25.52532,-21.0264,-17.8231,-15.23605,-13.6963,-12.15777,-11.15253,-10.4971,-9.578733
-60535.51,-56046.23,-52626.85,-43695.51,-37005.54,-29937.18,-24925.72,-19952.13,-16114.18,-13450.78,-11400.86,-9945.903,-8822.866,-7953.493,-7398.883,-6952.038,-6611.549,-5968.974,-5374.466,-4679.736,-3779.521,-2786.451,-1871.822,-1254.215,-806.3963,-505.102,-333.7258,-219.7627,-151.0479,-108.2506,-77.51706,-55.61378,-40.72099,-32.11467,-24.74452,-20.40499,-17.27231,-14.77662,-13.33776,-11.78028,-10.78116,-10.265,-9.351871
-63194.35,-58182.87,-54404.53,-44821.38,-37771.19,-30433.54,-25269.36,-20195.08,-16298.22,-13598.01,-11532.78,-9992.424,-8933.231,-8058.023,-7491.932,-7021.796,-6708.845,-6013.934,-5405.328,-4653.127,-3753.848,-2741.144,-1816.805,-1207.214,-771.9128,-481.2727,-318.2921,-210.0089,-144.7457,-104.1115,-74.81496,-53.83258,-39.50742,-31.20492,-24.13303,-19.91448,-16.88543,-14.05736,-13.15037,-11.55198,-10.58525,-10.06834,-9.181938
-65833.98,-60272.63,-56130.6,-45918.18,-38523.89,-30928.96,-25631.56,-20426.87,-16459.49,-13757.22,-11664.13,-10149.77,-9039.506,-8133.785,-7566.313,-7075.273,-6771.024,-6032.563,-5338.924,-4615.35,-3695.838,-2680.09,-1767.164,-1162.666,-737.2264,-459.4587,-303.6513,-200.2155,-138.5491,-100.0548,-72.1394,-52.03151,-38.26017,-30.28028,-23.44931,-19.38709,-16.43782,-14.08777,-12.79927,-11.37847,-10.32113,-9.86184,-9.001666
-68432.55,-62302.85,-57788.95,-46962.61,-39272.57,-31413.82,-25967.37,-20663.21,-16648.37,-13847.88,-11799.02,-10232.29,-9156.428,-8209.952,-7624.447,-7152.751,-6811.337,-6034.832,-5325.748,-4567.074,-3613.764,-2617.375,-1682.073,-1114.948,-703.6868,-437.9315,-289.263,-190.8538,-132.4317,-96.0557,-69.55824,-50.31793,-37.02661,-29.39416,-22.79311,-18.91308,-15.97493,-13.15396,-12.34185,-11.16806,-10.0212,-9.567858,-8.788217
-70970.39,-64243.88,-59365.89,-47949.77,-39947.21,-31886.91,-26322.51,-20912.46,-16858.44,-13973.61,-11928.09,-10320.82,-9254.51,-8257.818,-7659.66,-7170.479,-6774.374,-5975.616,-5276.869,-4513.095,-3471.304,-2528.802,-1633.589,-1066.154,-672.4178,-417.4834,-275.8708,-181.999,-126.8713,-92.42889,-67.17163,-48.76133,-35.99263,-28.57822,-22.22462,-18.51744,-15.61283,-13.26345,-12.08194,-10.96375,-9.900248,-9.265597,-8.637478
-73507.27,-66176.67,-60930.69,-48952.38,-40667.41,-32397.67,-26707.09,-21176.34,-17064.34,-14154.08,-12061.48,-10452.99,-9284.45,-8300.741,-7678.072,-7151.761,-6731.507,-5934.565,-5243.169,-4432.193,-3387.043,-2443.619,-1569.573,-1019.738,-640.0057,-396.9217,-263.1683,-174.2687,-121.7989,-89.20443,-65.00537,-47.33844,-35.04315,-27.85971,-21.7206,-18.10821,-15.3093,-12.60484,-11.82139,-10.6616,-9.768013,-9.197638,-8.548233
-75960.46,-68032.52,-62439.1,-49918.81,-41371.74,-32909.2,-27056.31,-21474.74,-17292.05,-14327.38,-12152.92,-10507.64,-9329.838,-8307.636,-7676.287,-7127.126,-6622.283,-5881.053,-5160.593,-4327.448,-3372.172,-2369.127,-1473.33,-971.9989,-609.1959,-376.8903,-250.8172,-166.526,-116.8078,-86.07803,-62.84464,-45.73758,-34.12635,-27.14839,-21.22625,-17.73177,-14.9984,-12.5286,-11.58542,-10.40226,-9.574374,-9.055456,-8.43557
-78315.14,-69805.66,-63884.67,-50857.15,-42006.14,-33411.58,-27448.45,-21730.84,-17489.42,-14484.42,-12298.3,-10561.1,-9364.093,-8262.322,-7636.906,-7061.892,-6535.929,-5793.448,-5060.435,-4185.42,-3265.277,-2269.591,-1405.254,-923.2836,-576.0358,-356.7731,-237.8624,-158.4653,-111.1991,-82.25754,-60.4573,-43.87452,-33.0171,-26.21713,-20.52988,-17.16125,-14.53889,-12.09298,-11.24656,-10.08621,-9.321106,-8.855625,-8.227735
-80618.65,-71567.03,-65325.37,-51826.07,-42780.13,-33955.15,-27848.36,-22023.1,-17693.73,-14702.38,-12384.51,-10603.23,-9325.536,-8049.342,-7560.804,-6979.632,-6446.567,-5690.69,-4937.891,-4074.342,-3137.625,-2173.417,-1349.35,-876.9975,-549.9902,-341.3329,-227.9745,-152.4197,-107.5216,-79.77647,-58.92171,-42.98253,-32.39122,-25.8106,-20.27709,-17.0036,-14.43069,-11.74498,-11.14613,-10.01606,-9.2813,-8.806708,-8.205923
-82827.98,-73272.85,-66738.71,-52791.91,-43584.41,-34490.97,-28252.6,-22331.17,-17764.56,-14759.47,-12452.7,-10649.96,-9308.963,-8099.015,-7468.844,-6866.411,-6283.667,-5547.264,-4768.634,-3945.389,-3010.278,-2082.239,-1299.94,-833.7441,-523.0515,-325.5742,-218.5281,-145.9269,-103.4712,-77.26901,-57.37402,-41.90207,-31.63416,-25.27081,-19.85802,-16.70837,-14.18404,-11.59019,-11.02894,-9.912786,-9.10348,-8.692058,-8.117182
-84978.03,-74938.56,-68145.65,-53783.49,-44374.75,-35024.88,-28693.33,-22619.03,-17908.33,-14886.37,-12320.24,-10573.38,-9245.879,-7906.223,-7256.011,-6672.067,-6227.329,-5427.331,-4653.929,-3804.968,-2896.134,-1992.233,-1228.083,-771.3387,-496.6432,-310.5155,-209.342,-140.0178,-99.66402,-74.13535,-55.72899,-40.91985,-31.0353,-24.7507,-19.50642,-16.42648,-12.93871,-11.45667,-10.89091,-9.802752,-9.032722,-8.533719,-8.035476
-87032.79,-76603.3,-69573.84,-54804.95,-45203.04,-35571.52,-29086.64,-22914.5,-18042.54,-14928.49,-12327.29,-10512.15,-9132.696,-7760.427,-7087.51,-6427.239,-5988.715,-5277.385,-4487.796,-3664.01,-2776.419,-1899.329,-1163.702,-730.1473,-473.9976,-296.9891,-200.9969,-134.7368,-96.45264,-72.04328,-54.39528,-40.08562,-30.51678,-24.34324,-19.22909,-16.24009,-13.56422,-11.30711,-10.7739,-9.714675,-9.204166,-8.512151,-8.045428
-88940.31,-78230.66,-70935.64,-55831.92,-46002.41,-36117.5,-29498.15,-23173.22,-18233.54,-14949.22,-12309.62,-10478.11,-8968.845,-7634.192,-6883.656,-6222.076,-5799.459,-5025.606,-4336.443,-3525.313,-2643.833,-1800.652,-1101.432,-691.692,-450.5259,-283.6644,-192.9592,-129.5515,-93.2635,-70.00441,-53.08649,-39.16557,-29.98076,-23.98239,-18.94406,-16.02331,-12.76367,-11.29436,-10.67247,-9.645219,-9.102286,-8.510323,-8.012284
-90694.61,-79826.19,-72399.98,-56850.63,-46783.45,-37036.06,-29917.23,-23409.48,-18287.17,-14941.21,-12164.65,-10209.49,-8759.051,-7448.628,-6661.029,-5978.509,-5492.73,-4773.792,-4137.886,-3373.226,-2542.252,-1706.99,-1036.864,-655.5703,-428.4027,-271.4428,-184.9928,-124.42,-89.98298,-68.4864,-51.80842,-38.25313,-29.41259,-23.56037,-18.66289,-15.82134,-12.52596,-11.32179,-10.54871,-9.568789,-8.982977,-8.375012,-7.786307
-92378.26,-81437.43,-73834.46,-57899,-47644.16,-37793.25,-30260.41,-23582.57,-18326.86,-14844.16,-11981.94,-10013.49,-8517.308,-7222.608,-6419.593,-5709.466,-5189.487,-4520.602,-3939.215,-3226.978,-2399.028,-1544.612,-987.2864,-620.9497,-408.663,-259.8723,-178.5547,-119.7245,-87.27032,-65.30827,-50.59117,-37.51221,-28.97416,-23.26344,-18.43246,-15.66923,-12.68703,-11.17018,-10.4858,-9.517519,-8.994067,-8.300438,-7.915293
-93948.4,-83014.19,-75291.96,-58937.42,-48432.79,-38349.9,-30456.34,-23731.08,-18335.61,-14704.53,-11783.82,-9803.198,-8225.565,-6932.543,-6140.439,-5489.888,-4903.515,-4366.424,-3709.489,-3072.625,-2280.667,-1449.934,-932.4413,-588.4295,-389.754,-249.4127,-171.9631,-115.8123,-84.74341,-63.74291,-49.5008,-36.59771,-28.57848,-22.90446,-18.23535,-15.52176,-12.56387,-10.9942,-10.42749,-9.511325,-9.011277,-8.231394,-7.940652
-95435.2,-84640.63,-76782.77,-60041.54,-49335.53,-38894.34,-30908.07,-23841.2,-18237.76,-14553.56,-11600.06,-9550.1,-7901.885,-6666.229,-5909.426,-5305.562,-4711.753,-4111.939,-3563.789,-2931.542,-2160.362,-1376.609,-884.7708,-560.1169,-372.834,-240.1281,-166.1864,-112.2234,-82.55724,-62.5557,-48.78945,-36.13382,-28.27362,-22.70103,-18.09901,-15.44982,-12.4168,-10.95904,-10.40856,-9.515017,-8.960744,-8.343687,-7.939493
-96738.21,-86185.68,-78216.84,-61105.51,-50083.56,-39467.38,-31156.62,-23826.46,-18038.18,-14266.9,-11329.59,-9205.612,-7563.329,-6303.75,-5626.129,-5055.23,-4478.101,-3922.1,-3390.644,-2778.559,-2044.936,-1327.233,-837.7019,-537.8895,-356.4328,-231.1252,-160.5742,-108.2151,-80.15916,-61.39787,-47.89084,-35.87989,-27.90329,-22.45681,-17.92377,-15.35596,-12.39476,-10.84842,-10.38828,-9.520508,-8.972665,-8.405946,-7.975965
-97980.41,-87748.39,-79681.67,-62159.05,-50828.26,-39974.92,-31276.39,-23716.71,-17773.84,-13924.39,-10943.87,-8823.671,-7246.175,-5952.803,-5364.561,-4783.509,-4256.325,-3721.827,-3195.52,-2628.61,-1943.725,-1269.871,-794.3337,-497.5539,-341.883,-223.2493,-156.1007,-105.2438,-77.93916,-60.40231,-47.30792,-35.4101,-27.61193,-22.26348,-17.7995,-15.28862,-12.39111,-10.91525,-10.36432,-9.557556,-8.967019,-8.506766,-8.038219
-99089.79,-89285.8,-81125.95,-63112.92,-51455.94,-40383,-31335.16,-23528.32,-17430.39,-13431.42,-10513.43,-8440.723,-6909.71,-5611.089,-5048.261,-4425.06,-4162.152,-3526.081,-3028.924,-2497.68,-1855.437,-1221.558,-749.7206,-492.0522,-328.0165,-215.6291,-152.195,-101.9478,-76.0795,-59.46083,-46.54403,-34.95873,-27.36821,-22.12817,-17.65022,-15.24212,-12.40372,-10.94446,-10.37569,-9.678131,-9.042908,-8.475574,-7.981181
-100140.1,-90840.92,-82587.05,-64073.43,-52130.67,-40624.11,-31257.43,-23250.35,-17042.57,-13052.29,-10085.59,-8037.208,-6570.677,-5277.591,-4796.914,-4217.211,-3819.382,-3414.993,-2849.327,-2357.032,-1771.819,-1174.282,-712.9716,-472.9037,-315.8826,-208.9945,-148.3056,-99.7736,-74.70546,-56.70554,-45.95214,-34.5352,-27.17772,-22.05585,-17.59496,-15.22275,-12.45907,-11.00373,-10.43379,-9.748854,-9.102149,-8.416297,-7.817912
-101001.1,-92276.78,-83906.16,-64832.7,-52561.75,-40846.21,-31053.53,-22822.75,-16522.11,-12577.57,-9612.596,-7628.557,-6218.487,-5002.019,-4572.267,-3923.451,-3556.044,-3256.706,-2686.816,-2210.486,-1667.436,-1106.55,-678.1777,-438.73,-303.5952,-202.5857,-144.4646,-97.17818,-72.86012,-54.05339,-45.2326,-34.18108,-26.91298,-21.91006,-17.4859,-15.05304,-12.45333,-10.99378,-10.43175,-9.765278,-9.158971,-8.450956,-7.751345
-101855,-93705.41,-85245.65,-65640.01,-52830.08,-40807.73,-30695.75,-22276.02,-15970.92,-12085.89,-9153.226,-7232.685,-5904.782,-4782.632,-4301.377,-3641.731,-3336.569,-3062.229,-2534.856,-2035.289,-1573.971,-1052.551,-645.6873,-428.329,-293.7408,-197.5119,-141.9564,-95.01763,-71.80484,-54.60641,-44.83868,-34.03702,-26.86464,-21.96594,-17.50272,-15.09374,-12.57428,-11.10845,-10.53473,-9.894446,-9.201314,-8.520264,-7.52184
-102517.7,-94981.09,-86428.78,-66279.3,-53153.25,-40631.81,-30180.48,-21646.65,-15340.56,-11511.67,-8668.67,-6838.935,-5526.573,-4524.83,-4031.084,-3444.202,-3088.481,-2892.764,-2415.067,-1931.114,-1462.379,-1000.069,-611.9481,-400.1767,-284.6379,-192.19,-138.9632,-92.98935,-70.45687,-54.88006,-44.51054,-33.80183,-26.72572,-21.93046,-17.46521,-14.98444,-12.62016,-11.13893,-10.62972,-9.982675,-9.293474,-8.67513,-8.094116
-103168,-96223.63,-87535.3,-66757.45,-53383.64,-40466.37,-29471.49,-20955.33,-14706.21,-10905.86,-8180.418,-6436.698,-5164.924,-4211.982,-3774.131,-3280.57,-2921.877,-2736.771,-2220.239,-1830.686,-1399.414,-931.2696,-578.5349,-385.4384,-276.5293,-187.8624,-136.7935,-91.96421,-69.43816,-54.37272,-44.22226,-33.74781,-26.68727,-21.9369,-17.51771,-15.15427,-12.67865,-11.31416,-10.76939,-10.03332,-9.470909,-8.746801,-8.4314
-103698.4,-97322.97,-88482.25,-66788.98,-53282.68,-39849.32,-28662.15,-20137.09,-14008.95,-10273.05,-7701.097,-6065.768,-4860.063,-3986.473,-3573.156,-2993.656,-2706.149,-2596.821,-2137.357,-1749.805,-1343.542,-887.2086,-552.7087,-374.6218,-268.8299,-184.0437,-134.4745,-90.44843,-68.01982,-53.79957,-43.9463,-33.48479,-26.61603,-21.9891,-17.50662,-15.21995,-12.80407,-11.21369,-10.87959,-10.27943,-9.602117,-8.929893,-8.440385
-104078.8,-98197.03,-89148.31,-66702.91,-52490.78,-39093.79,-27755.93,-19263.54,-13298.41,-9712.945,-7280.982,-5689.738,-4549.051,-3708.866,-3341.852,-2837.731,-2675.465,-2404.7,-2023.664,-1675.077,-1239.279,-833.7027,-522.7419,-365.1266,-262.5389,-179.5532,-132.8124,-89.21655,-67.59638,-52.93998,-43.51879,-33.09167,-26.46165,-21.82732,-17.35895,-15.28045,-12.93065,-11.07643,-11.00504,-10.33392,-9.685239,-9.00395,-8.56976
-104242.2,-98843.43,-89594.02,-66634.41,-51607.56,-38166.9,-26673.52,-18347.02,-12544.91,-9167.641,-6835.527,-5333.1,-4257.461,-3452.933,-3115.493,-2655.377,-2553.682,-2269.924,-1925.12,-1602.274,-1172.923,-803.9892,-508.5011,-354.4376,-256.0965,-175.7541,-130.792,-88.07583,-66.41611,-52.36229,-43.30193,-32.97056,-26.33061,-21.95683,-17.30919,-15.31418,-13.00761,-11.26226,-11.1192,-10.372,-9.766122,-9.028464,-8.611769
-104613.2,-99298.24,-89798.85,-66199.32,-50759.07,-37360.69,-25596.91,-17365.47,-11877.1,-8618.886,-6437.282,-4987.112,-4039.206,-3288.363,-2867.959,-2511.209,-2270.619,-2154.726,-1826.432,-1520.739,-1122.224,-765.8862,-491.2885,-345.818,-230.879,-173.83,-129.1887,-87.50096,-65.90642,-51.94814,-43.26926,-32.81162,-26.43903,-22.07688,-17.37551,-15.43465,-13.10002,-11.36484,-11.1989,-10.42407,-9.748868,-9.243223,-8.75648
-104774.5,-99516.52,-89738.84,-65297.27,-49317.7,-36041.38,-24411.41,-16408.46,-11157.59,-8093.293,-6031.858,-4688.609,-3791.766,-3018.499,-2718.781,-2363.229,-2195.142,-2006.039,-1716.345,-1430.571,-1081.783,-741.2936,-476.6133,-337.5453,-225.2846,-171.1476,-127.9241,-86.46835,-65.2852,-51.63196,-43.23365,-32.86129,-26.30579,-22.05242,-17.39136,-15.49595,-13.11888,-11.75698,-11.32199,-10.50522,-9.905915,-9.239315,-8.858793
-104830.7,-99473.37,-89398.95,-64253.6,-47902.55,-34743.71,-23141.99,-15415.47,-10490.47,-7581.018,-5666.696,-4402.647,-3598.406,-2807.274,-2634.421,-2240.844,-2007.333,-1900.482,-1668.191,-1384.014,-1041.398,-709.4739,-465.7399,-332.178,-223.2237,-169.4574,-127.4332,-86.08678,-65.2506,-51.24297,-43.31448,-32.95253,-26.16809,-22.04182,-17.43818,-15.39772,-13.16098,-11.67535,-11.50904,-10.89296,-10.11182,-9.481008,-9.034404
-105065.6,-99230.06,-88808.38,-63044.09,-46600.69,-33341,-21860.34,-14539.25,-9877.435,-7130.977,-5313.03,-4126.83,-3371.804,-2670.09,-2472.838,-2152.982,-1968.022,-1780.637,-1583.857,-1325.644,-996.0923,-695.2365,-452.5503,-325.9241,-219.9273,-168.0037,-125.9032,-85.18959,-65.10229,-51.02443,-42.64424,-32.95682,-26.12836,-22.17084,-17.435,-15.47328,-13.45619,-11.77591,-11.68675,-11.02215,-10.29109,-9.577673,-9.114761
-105002.3,-98525.73,-87733.91,-61447.39,-45009.29,-31770.66,-20810.63,-13639.61,-9282.443,-6711.673,-4995.731,-3880.357,-3190.532,-2556.428,-2326.616,-2059.063,-1872.272,-1702.703,-1533.138,-1279.272,-958.9958,-671.6037,-442.2538,-322.9746,-218.1098,-167.6161,-126.2773,-85.454,-65.11097,-51.07052,-43.2962,-33.32138,-26.11596,-22.57152,-17.71738,-15.63311,-13.63293,-11.83642,-12.01466,-11.28156,-10.51836,-9.555631,-9.376153
-104886,-97487.66,-86392.25,-59745.36,-43245.45,-30354.28,-19653.94,-12843.43,-8704.192,-6307.657,-4718.29,-3647.7,-3081.186,-2428.421,-2235.032,-1950.318,-1784.195,-1625.419,-1452.974,-1223.531,-947.2498,-643.2556,-438.649,-320.0102,-223.4841,-166.4687,-125.9505,-84.77901,-65.18237,-50.90157,-43.56242,-33.49205,-26.22544,-22.86804,-17.86098,-16.04581,-13.88049,-12.40549,-12.10299,-11.26755,-10.64694,-9.589077,-9.38563
-104590.6,-96094.87,-84467.8,-57758.16,-41225.52,-28825.24,-18429.62,-12028.62,-8158.776,-5918.387,-4451.155,-3447.167,-2922.43,-2248.714,-2090.948,-1867.172,-1747.727,-1568.002,-1374.714,-1172.626,-873.4702,-622.7558,-427.9479,-314.8461,-222.0308,-165.5706,-125.5565,-84.58852,-64.42182,-50.32879,-43.57943,-33.40226,-26.41905,-23.0283,-17.84098,-16.35413,-14.05765,-12.61963,-12.3548,-11.52077,-10.79235,-9.606368,-9.504327
-104344.5,-94507.03,-82492.99,-55513.83,-39180.93,-27077.49,-17310.31,-11299.71,-7624.536,-5559.527,-4174.134,-3231.617,-2778.443,-2139.633,-1959.924,-1755.327,-1694.471,-1459.718,-1324.827,-1127.421,-847.5098,-609.7753,-421.2236,-310.2276,-218.7748,-163.7252,-124.589,-83.51906,-63.52336,-49.81872,-43.04432,-33.06175,-26.37054,-23.08538,-17.72617,-16.33083,-14.14807,-12.82409,-12.42147,-11.53988,-10.85325,-9.657821,-9.55216
-104124.6,-90728.73,-80457.55,-53472.21,-37287.9,-25700.83,-16309.31,-10694.81,-7166.861,-5263.364,-3962.261,-3083.649,-2586.581,-2092.087,-1881.466,-1685.86,-1569.924,-1459.577,-1280.859,-1090.613,-814.0811,-610.9005,-417.7374,-311.1349,-219.6443,-164.8249,-125.9577,-84.69554,-63.90078,-49.98104,-43.73692,-33.4207,-26.76982,-23.36568,-17.89855,-16.79117,-14.50971,-12.75624,-12.69199,-11.85084,-11.2441,-9.965765,-9.81717
-103447.6,-86726.38,-77886.52,-51156.51,-35572.02,-24129.95,-15097.84,-10004.47,-6712.344,-4937.856,-3690.418,-2891.738,-2481.583,-1952.411,-1779.453,-1604.428,-1485.895,-1406.132,-1247.894,-1054.103,-786.3559,-581.4844,-408.4932,-305.4371,-219.1993,-163.0495,-125.1556,-83.11614,-62.35848,-49.00726,-43.23994,-33.02092,-26.46648,-23.29239,-17.59144,-16.68921,-14.48957,-13.1356,-12.70054,-12.06421,-11.30284,-9.84485,-10.01333
-103309.6,-84577.52,-75282.38,-48897.89,-33877.91,-22724.12,-14211.4,-9428.63,-6355.977,-4686.697,-3547.991,-2800.403,-2358.803,-1859.993,-1739.115,-1554.577,-1457.188,-1354.599,-1220.613,-1051.01,-774.0147,-569.0111,-411.6707,-308.6348,-222.4507,-164.8079,-126.5824,-84.26173,-63.72878,-49.36224,-43.97249,-33.44931,-26.82802,-23.83713,-18.31889,-17.02166,-14.9171,-13.63324,-13.06246,-12.41205,-11.6766,-10.35678,-10.16391
-101691.4,-82645.34,-72544.65,-46419.28,-31859.13,-20752.07,-13316.88,-8844.215,-5957.54,-4459.169,-3364.552,-2629.662,-2222.206,-1834.803,-1671.754,-1461.004,-1422.83,-1305.688,-1189.98,-993.9241,-763.3113,-554.5117,-407.0808,-306.3412,-221.2327,-164.6684,-126.478,-84.2326,-63.4207,-49.15737,-44.00626,-33.40396,-26.77915,-23.94502,-18.49816,-17.38067,-15.0072,-13.82521,-13.2414,-12.6227,-11.74707,-10.49615,-10.27249
-101280.3,-79375.99,-69940.6,-44293.91,-30441.29,-19238.85,-12507.03,-8308.662,-5654.911,-4248.538,-3247.624,-2519.653,-2148.987,-1752.014,-1602.166,-1451.181,-1371.327,-1269.835,-1162.751,-1003.256,-745.2448,-552.496,-404.1175,-309.0492,-223.6613,-165.8929,-126.7597,-84.29588,-64.22081,-49.58359,-44.24334,-33.80237,-26.82696,-23.86443,-18.57564,-17.50845,-15.26497,-13.98392,-13.48142,-12.91662,-11.88169,-10.78069,-10.62978
-101227.6,-76839.89,-67011.5,-41734.61,-28323.72,-18021.59,-11698.27,-7763.862,-5340.842,-4013.645,-3089.449,-2406.128,-2101.198,-1693.793,-1510.709,-1409.685,-1359.385,-1235.504,-1135.813,-990.3222,-732.5789,-551.6738,-402.7958,-309.9491,-225.4515,-165.2239,-125.7276,-84.26859,-63.7306,-49.18259,-44.33917,-33.78389,-26.76056,-24.09062,-18.76723,-17.54732,-15.43335,-14.14588,-13.70825,-12.91163,-12.07401,-10.92023,-10.73475
-100136,-74207.78,-64121.43,-39775.78,-26887.17,-16825.25,-11063.14,-7356.366,-4924.32,-3813.16,-2957.322,-2305.82,-2023.023,-1616.41,-1482.804,-1356.602,-1335.228,-1238.862,-1118.905,-966.9169,-720.9984,-540.9357,-404.5597,-308.9391,-225.4952,-163.8939,-123.2026,-82.89304,-63.56447,-48.73488,-43.96495,-33.33635,-26.47632,-24.24132,-18.86824,-17.53174,-15.39551,-14.14609,-13.69855,-12.81361,-12.16389,-10.96876,-10.61907
-99195.66,-71810.25,-61470.5,-38075.32,-25473.3,-15927.42,-10282.28,-6936.077,-4561.875,-3691.838,-2861.174,-2247.661,-1980.538,-1570.782,-1476.695,-1320.85,-1340.111,-1215.696,-1110.985,-972.2725,-727.1019,-539.5461,-404.4231,-311.7426,-231.9061,-166.5288,-125.4343,-84.23848,-64.35251,-49.30125,-44.59057,-33.95931,-27.00589,-24.75137,-19.13663,-18.02769,-15.69913,-14.55393,-14.10529,-13.20321,-12.38473,-11.28786,-10.76722
-96595.23,-69239.13,-57484.19,-36119.03,-23935.59,-15694.69,-9529.622,-6519.656,-4307.723,-3525.205,-2756.105,-2141.686,-1902.978,-1501.764,-1467.157,-1310.193,-1282.338,-1160.37,-1108.615,-947.4843,-726.7977,-539.9653,-394.273,-310.164,-229.8602,-166.391,-124.6723,-83.88749,-63.30394,-48.56089,-44.306,-33.58507,-26.93426,-24.79496,-18.76037,-18.06192,-15.84393,-14.55452,-14.1566,-13.46618,-12.44393,-11.31852,-10.80194
-95367.04,-66593.66,-56028.04,-34110.61,-22503.2,-14501.43,-9124.402,-6224.629,-4160.971,-3338.056,-2659.905,-2097.949,-1872.259,-1481.07,-1423.689,-1292.076,-1236.419,-1154.507,-1092.962,-949.9944,-721.6653,-537.0657,-397.3661,-314.1615,-230.7277,-165.3983,-125.149,-84.73566,-63.30179,-48.72013,-44.35942,-34.02226,-27.01046,-24.92345,-18.81334,-18.17045,-15.92789,-14.63734,-14.28049,-13.69902,-12.67518,-11.46521,-11.11005
-93596.71,-64620.51,-53767.08,-32360.76,-21041.21,-13907.06,-8521.935,-5988.439,-4126.689,-3111.288,-2617.64,-2023.634,-1859.001,-1479.931,-1362.575,-1320.128,-1169.386,-1201.657,-1104.96,-944.5179,-730.0968,-552.5848,-399.5042,-318.6522,-234.4803,-165.8202,-127.2182,-85.66756,-64.38377,-49.02447,-44.75565,-34.54544,-27.52874,-25.14705,-19.11098,-18.439,-16.08508,-14.67593,-14.59069,-14.07444,-13.01991,-11.75821,-11.61375
-92684.5,-62147.19,-51555.86,-30867.3,-20269.76,-12628.41,-7739.791,-5769.022,-3782.419,-2996.046,-2536.408,-1988.393,-1816.094,-1471.84,-1282.925,-1277.011,-1212.426,-1208.908,-1109.954,-942.2367,-722.0204,-547.5132,-397.6714,-320.7624,-234.5108,-167.4314,-127.605,-86.04655,-64.55345,-49.03582,-44.62127,-34.33705,-27.45597,-25.70525,-19.11572,-18.66144,-16.40429,-14.8093,-14.75438,-14.10175,-13.073,-11.90825,-11.75444
-91797.76,-59916.39,-49258.67,-29423.58,-19319.19,-12054.88,-7413.019,-5460.136,-3607.465,-2945.737,-2502.481,-1926.239,-1774.489,-1386.465,-1223.236,-1260.396,-1192.974,-1178.763,-1104.901,-928.5219,-731.2178,-553.6844,-400.5479,-319.4979,-236.2954,-170.4729,-127.7122,-86.35415,-64.5636,-48.79471,-44.42715,-34.0847,-27.41451,-25.82644,-19.18202,-18.70233,-16.51017,-14.68304,-14.81669,-14.3292,-13.23818,-11.99327,-11.73685
-89968.66,-57579.7,-47013.07,-28146.67,-18278.77,-11612.9,-7097.975,-5244.547,-3482.999,-2869.593,-2435.478,-1879.644,-1652.429,-1390.312,-1218.119,-1252.139,-1194.559,-1165.382,-1089.469,-950.9872,-729.3102,-550.0367,-403.5199,-319.5378,-237.0818,-170.1835,-127.6978,-86.39379,-64.03737,-48.85976,-44.4433,-33.78222,-27.22308,-25.75028,-19.27219,-18.94055,-16.38797,-14.55636,-14.79561,-14.35558,-13.27991,-12.00699,-11.77127
-89458.34,-55554.78,-45078.75,-27083.1,-17462.04,-11221,-6897.838,-5022.537,-3321.713,-2764.905,-2391.184,-1806.506,-1619.062,-1394.616,-1206.884,-1235.23,-1231.036,-1151.393,-1098.862,-931.6304,-744.0497,-558.9669,-403.9187,-326.503,-240.2827,-172.4177,-128.3685,-87.79301,-64.31038,-49.27836,-44.67157,-34.31936,-27.37691,-25.88209,-19.23283,-18.92645,-16.71919,-14.72114,-14.92581,-14.49641,-13.49961,-12.01347,-11.74626
-88727.05,-53615.07,-42779.29,-25981.6,-16722.06,-10616.96,-6673.352,-4901.956,-3241.246,-2719.839,-2343.086,-1789.551,-1599.683,-1385.42,-1233.15,-1233.291,-1212.347,-1185.518,-1105.894,-927.2062,-757.45,-568.501,-408.8345,-329.6401,-240.7518,-173.2943,-129.372,-87.83605,-64.6278,-49.18505,-44.93201,-34.152,-27.48153,-25.5466,-19.16632,-19.0704,-16.53197,-14.76452,-15.00378,-14.63725,-13.47842,-12.22228,-11.92755
-88342.42,-51684.07,-41303.89,-25008.62,-16029.89,-10247.95,-6483.654,-4764.03,-3183.791,-2704.831,-2311.376,-1616.891,-1605.889,-1392.544,-1264.782,-1265.984,-1202.059,-1209.654,-1119.989,-914.8563,-762.2474,-575.0784,-415.3925,-330.7398,-244.6459,-174.5374,-129.6812,-87.54711,-64.74682,-48.91194,-44.63625,-34.41457,-27.32226,-25.23322,-19.58317,-19.01319,-16.44177,-14.69602,-15.05684,-14.70259,-13.72337,-12.23033,-11.81827
-87454.19,-50049.76,-39840.96,-23742.15,-15404.32,-9725.438,-6283.129,-4622.575,-3103.852,-2667.164,-2252.94,-1618.109,-1644.769,-1354.867,-1239.73,-1242.676,-1166.818,-1186.681,-1142.718,-921.5454,-761.9045,-576.0358,-416.0128,-334.5283,-246.0599,-176.3368,-129.2435,-87.48638,-64.21788,-49.0498,-44.66683,-34.64967,-27.14552,-25.474,-19.51328,-18.75113,-16.46905,-14.97242,-15.02085,-14.67127,-13.68656,-12.09122,-11.87116
-86739.38,-48111.86,-38096.35,-22808.36,-14792.34,-9402.228,-6165.508,-4542.948,-2967.341,-2606.63,-2253.889,-1599.471,-1593.401,-1330.609,-1240.271,-1230.292,-1177.872,-1195.996,-1118.791,-927.3074,-762.1317,-579.4982,-423.8245,-334.4763,-247.1501,-178.4039,-129.1422,-86.90043,-63.65689,-48.88836,-44.02221,-34.44428,-26.81262,-25.31491,-19.28131,-18.65371,-16.48037,-14.95457,-14.98748,-14.71378,-13.65655,-12.11252,-11.69236
-85515.98,-46549.22,-36738.71,-21983.22,-14282.43,-9035.511,-5970.299,-4333.604,-2907.447,-2559.134,-2076.148,-1598.875,-1538.328,-1367.558,-1218.335,-1253.451,-1196.231,-1203.444,-1137.346,-948.2644,-765.4434,-590.028,-434.2424,-341.2213,-248.5649,-178.1552,-130.5887,-87.28338,-64.29288,-48.73399,-44.32462,-34.15862,-26.48455,-25.16809,-19.18493,-18.62645,-16.48962,-14.7858,-14.91662,-14.74524,-13.48031,-11.99912,-11.76383
-84606.18,-45034.05,-34021.82,-21218.6,-13761.42,-8679.91,-5795.159,-4113.384,-2877.122,-2572.386,-2035.046,-1574.474,-1494.956,-1388.751,-1247.999,-1235.64,-1199.566,-1209.285,-1152.72,-962.6509,-782.1624,-589.2128,-432.1546,-340.7997,-250.5435,-179.1719,-129.1281,-87.61661,-64.11253,-48.2575,-44.0434,-33.74414,-26.39452,-25.502,0,-18.73646,-16.46724,-14.70204,-14.84785,-14.7398,-13.33607,-12.20698,-11.62525
-84012.96,-43822.33,-32902.36,-20241.9,-13238.31,-8410.294,-5675.618,-3877.865,-2875.808,-2486.529,-2005.727,-1587.337,-1549.22,-1373.075,-1244.387,-1252.911,-1191.904,-1219.69,-1174.365,-986.1201,-797.6487,-599.306,-440.2413,-345.9942,-253.9254,-182.3702,-130.1241,-88.06811,-63.9344,-48.3774,-43.76359,-33.78772,-26.49964,-25.37701,-18.7702,-18.64824,-16.47793,-14.8489,-14.62735,-14.58501,-12.99329,-12.21537,-11.49519
-83597.91,-42914.66,-31798.22,-18582.2,-12955.68,-8257.116,-5578.179,-3857.573,-2867.501,-2423.906,-2033.788,-1605.223,-1522.937,-1395.454,-1223.85,-1252.178,-1209.359,-1224.964,-1192.46,-981.6297,-813.3213,-617.1045,-446.1268,-347.3181,-254.7955,-182.079,-130.6946,-88.12978,-63.87637,-48.18775,-43.34572,-33.86892,-26.32932,-25.06398,-18.73751,-18.04888,-16.23016,-14.69454,-14.44833,-14.39837,-12.74286,-12.15054,-11.37547
-82807.6,-41698.18,-31008.27,-17937.91,-12439.51,-8215.757,-5539.398,-3776.061,-2872.913,-2465.457,-2005.215,-1581.475,-1559.006,-1417.545,-1265.863,-1302.924,-1247.684,-1237.885,-1188.982,-1000.665,-840.0789,-616.5251,-460.089,-346.8126,-257.345,-183.7459,-131.5123,-87.6952,-64.19814,-48.9978,-43.14323,-32.9908,-26.00094,-24.62043,-18.59401,-17.9026,-15.83434,-14.67537,-14.34469,-14.41373,-13.14131,-12.04703,-11.28947
-81824.84,-40239.71,-30221.89,-17607.7,-12190.65,-8105.648,-5431.581,-3814.182,-2847.024,-2471.824,-1977.059,-1565.386,-1527.621,-1415.542,-1219.494,-1293.169,-1280.893,-1252.978,-1224.321,-1022.81,-843.4334,-630.2352,-464.6339,-354.7655,-258.3156,-183.1872,-130.4721,-88.37547,-64.47148,-48.37407,-42.74896,-32.5525,-25.79216,-24.33331,-18.21333,-17.73312,-15.72353,-14.69167,-14.14338,-14.22381,-12.86708,-11.98154,-11.31341
-81271.05,-38720,-29084.41,-17632.98,-12008.79,-8037.653,-5411.289,-3837.938,-2843.664,-2450.653,-1989.421,-1551.354,-1550.823,-1458.454,-1252.26,-1328.134,-1230.991,-1232.256,-1244.847,-1034.401,-852.8255,-650.1337,-468.0066,-358.3884,-262.2964,-182.5358,-130.359,-88.3965,-64.6638,-47.94749,-42.28433,-32.2057,-25.66701,-24.05353,-18.20963,-17.48275,-15.4303,-14.56681,-13.85493,-14.08949,-12.95864,-11.77188,-11.00786
-80465.14,-38081.99,-28829.27,-17198.94,-11853.47,-7694.891,-5391.756,-3696.21,-2845.615,-2439.582,-1963.31,-1559.547,-1543.498,-1459.208,-1242.216,-1253.108,-1229.878,-1310.887,-1256.023,-1055.547,-860.027,-661.3631,-475.8908,-357.8027,-262.6478,-182.3426,-129.1901,-87.30212,-64.34015,-47.62969,-41.94769,-31.35304,-25.32004,-24.3175,-18.05251,-17.25734,-15.2593,-14.29779,-13.75221,-13.55606,-12.58244,-11.64221,-10.78319
-79101.09,-36952,-28207.56,-16720.12,-11697.72,-7539.184,-5349.248,-3513.283,-2826.325,-2429.764,-1963.947,-1608.073,-1533.946,-1408.596,-1251.89,-1304.02,-1246.358,-1319.517,-1298.005,-1042.635,-879.4374,-676.9979,-475.8109,-361.726,-266.4283,-181.9381,-128.8744,-88.23993,-62.91619,-47.85701,-41.77683,-31.4663,-24.69497,-23.90666,-17.38349,-16.99693,-15.42009,-14.26296,-13.69427,-13.31949,-12.68167,-11.66037,-10.68344
-78866.27,-36323.62,-27377.94,-16666.86,-11730.62,-7478.669,-5361,-3708.593,-2845.454,-2404.068,-1969.898,-1640.084,-1545.532,-1407.03,-1279.783,-1288.121,-1298.831,-1322.042,-1315.325,-1112.884,-893.6163,-689.1706,-488.1125,-368.1031,-265.847,-183.1555,-130.1232,-88.84818,-63.21651,-46.9629,-41.11977,-30.77092,-24.09919,-23.69607,-17.24378,-16.98442,-14.89819,-14.00455,-13.24976,-13.07032,-12.55017,-11.51498,-10.60689
-78452.58,-35230.23,-27002.99,-16156.75,-11623.7,-7682.549,-5373.521,-3526.844,-2807.886,-2337.104,-1952.973,-1673.678,-1559.639,-1413.912,-1269.479,-1329.909,-1320.749,-1335.943,-1346.521,-1112.05,-919.9899,-694.9674,-500.7988,-372.1503,-272.0397,-181.2838,-130.6704,-87.66274,-63.49354,-46.76439,-40.85761,-30.46506,-23.87722,-23.90252,-16.9811,-16.55569,-14.80327,-13.78535,-13.21644,-12.92843,-12.42631,-11.34799,-10.45376
-77135.48,-35453.64,-26967.95,-16069.89,-11404.22,-7812.643,-5374.112,-3623.2,-2798.973,-2343.063,-1929.472,-1672.172,-1548.789,-1332.989,-1279.108,-1378.275,-1321.233,-1370.155,-1363.69,-1128.678,-941.1965,-703.5098,-509.3165,-370.8904,-272.9322,-182.458,-128.3577,-86.29953,-62.42629,-47.82068,-40.5745,-30.35135,-23.94781,-23.48133,-16.94423,-16.12241,-14.40736,-13.24055,-12.9745,-12.6535,-11.94994,-11.58764,-10.13645
-76781.4,-35232.18,-26702.12,-15831.45,-11318.33,-7679.938,-5175.666,-3588.093,-2816.186,-2366.886,-1925.738,-1702.554,-1558.924,-1374.243,-1281.861,-1395.677,-1325.865,-1384.885,-1372.523,-1134.82,-949.9688,-719.5016,-517.2214,-380.3655,-273.8324,-182.6402,-127.9096,-87.25089,-63.06502,-47.76892,-40.42628,-31.42201,-24.40545,-22.91283,-16.4972,-16.07691,-14.18782,-13.07305,-12.80458,-12.3377,-12.23115,-10.99149,-10.17413
-77218.19,-35289.44,-26524.64,-15959.47,-11433.51,-7737.477,-5245.902,-3558.085,-2875.278,-2394.098,-1947.332,-1708.129,-1568.16,-1395.915,-1325.402,-1418.306,-1334.922,-1436.928,-1365.993,-1186.21,-976.596,-745.7689,-524.8792,-383.0869,-275.9474,-181.3226,-129.6021,-88.44905,-62.87563,-48.04691,-40.52478,-31.04839,-24.25485,-23.41277,-16.49896,-15.99266,-14.41166,-12.98346,-12.85644,-12.33618,-12.37048,-11.55349,-10.01156
-76205.09,-34740.66,-26322.95,-16014.14,-11476.16,-7787.148,-5299.413,-3583.974,-2842.838,-2389.173,-1962.885,-1720.094,-1567.568,-1363.362,-1322.779,-1448.99,-1387.457,-1441.633,-1426.749,-1201.115,-1004.765,-762.4384,-541.4911,-387.4417,-275.0136,-184.1031,-130.7326,-85.17641,-62.95237,-48.28145,-39.99699,-30.78094,-24.11192,-23.12415,-16.63848,-15.9266,-14.07011,-13.02646,-12.83763,-12.23636,-11.42513,-11.01171,-10.28263
-75942.17,-34523.75,-26060.52,-15577.36,-11426.16,-7858.63,-5367.354,-3582.162,-2860.743,-2390.149,-2011.981,-1797.44,-1593.41,-1433.09,-1368.193,-1473.516,-1438.057,-1529.502,-1462.539,-1244.885,-1028.128,-776.3945,-554.057,-392.7549,-275.435,-184.7002,-128.5535,-86.31698,-63.6295,-49.29642,-40.10496,-31.00673,-23.90903,-23.23574,-16.64621,-15.59746,-14.0378,-13.01926,-12.88702,-12.22266,-11.71901,-11.00669,-10.21948
-76125.79,-33994.83,-25700.82,-15457.81,-11369.08,-7908.637,-5321.87,-3855.074,-2882.367,-2398.191,-2018.156,-1815.675,-1571.513,-1477.275,-1370.788,-1486.323,-1464.756,-1544.267,-1485.187,-1270.891,-1052.048,-799.4537,-564.5037,-399.2496,-276.3257,-185.0307,-130.3156,-88.43147,-61.67921,-48.78854,-40.47123,-30.97924,-23.73032,-23.08311,-16.83499,-15.47787,-14.08215,-12.91017,-12.58424,-12.04018,-11.70548,-11.01374,-10.28723
-76896.39,-33975.95,-25754.71,-15562.31,-11435.86,-7812.702,-5448.782,-3858.317,-2852.814,-2350.153,-1977.417,-1797.852,-1565.619,-1519.762,-1433.198,-1507.25,-1573.638,-1596.462,-1521.113,-1299.615,-1056.922,-811.3896,-572.3635,-406.8007,-278.1637,-188.4569,-132.2025,-89.70565,-62.42947,-48.62959,-40.00673,-30.62159,-24.03993,-23.14621,-16.4173,-15.57942,-13.8889,-12.78646,-12.3222,-11.88544,-11.23425,-11.09585,-7.440302
-77339.8,-33690.08,-25584.11,-16036.45,-11458.74,-7760.644,-5513.699,-3914.644,-2951.178,-2393.278,-1991.069,-1775.513,-1629.563,-1576.475,-1438.132,-1561.928,-1551.959,-1602.988,-1568.374,-1343.352,-1097.608,-824.4077,-581.0313,-412.9517,-284.3709,-189.3787,-131.3099,-88.97871,-61.16422,-48.40768,-39.98763,-30.59484,-24.35085,-22.63149,-16.34203,-15.31016,-14.09108,-12.71624,-12.27807,-11.88713,-10.87338,-10.85014,-1.283806
-77828.64,-33739.3,-25652.32,-15798.54,-11528.31,-7705.619,-5482.063,-3879.486,-2973.455,-2482.131,-1965.449,-1831.175,-1641.488,-1532.372,-1427.555,-1627.421,-1541.786,-1592.894,-1615.323,-1388.233,-1122.476,-849.4204,-592.136,-418.534,-285.5571,-193.0552,-129.8659,-90.16205,-62.42208,-48.62421,-41.4828,-31.48964,-24.7848,-22.85412,-16.73929,-15.39684,-13.79638,-12.61653,-12.38521,-11.77986,-10.71169,-10.9644,-0.4824802
-77343.8,-31985.28,-25713.6,-15767.81,-11508.98,-7648.371,-5475.761,-3861.54,-3005.402,-2494.146,-1979.198,-1833.059,-1626.056,-1545.693,-1421.114,-1618.872,-1614.513,-1619.631,-1631.867,-1411.672,-1138.8,-860.8197,-605.3519,-423.8193,-286.427,-194.1356,-130.7515,-89.27068,-65.04403,-48.31816,-41.0482,-31.62023,-24.24794,-22.70137,-16.98293,-15.40179,-13.79816,-12.46588,-12.34176,-11.19895,-10.68998,-9.99805,1.43704
-78079.39,-31614.74,-25980.89,-16068.18,-11611.12,-7775.143,-5637.587,-3890.699,-3094.737,-2521.957,-2000.688,-1804.166,-1664.191,-1559.098,-1458.166,-1572.23,-1626.728,-1688.865,-1686.492,-1472.388,-1179.456,-890.2776,-620.5942,-431.5236,-293.2343,-194.8384,-130.559,-91.42559,-63.84791,-48.85786,-41.38727,-32.02229,-24.25884,-23.16949,-16.67335,-15.77609,-13.46051,-12.37951,-12.36615,-6.165454,-11.10861,-7.779244,2.629964
-78528.41,-31930.88,-26014.25,-16296.87,-11691.93,-7965.231,-5641.748,-4018.149,-3074.534,-2537.015,-1999.281,-1869.674,-1693.115,-1599.907,-1442.121,-1617.466,-1688.992,-1815.288,-1734.92,-1531.161,-1196.241,-905.0728,-628.4435,-441.6562,-297.8358,-198.5118,-134.5202,-93.28101,-66.46761,-49.41776,-41.1921,-32.44154,-24.21089,-23.01316,-16.87057,-15.6113,-13.78284,-11.78963,-0.2439143,3.289425,-8.004424,-1.726304,2.04788
-78850.65,-31672.56,-25918.28,-16603.71,-11954.69,-8064.064,-5689.944,-3989.509,-3064.816,-2500.697,-2009.862,-1825.621,-1699.52,-1586.912,-1510.756,-1638.744,-1693.488,-1776.788,-1781.497,-1576.274,-1236.572,-928.7264,-647.4714,-448.3104,-298.7249,-199.1914,-135.3381,-93.32513,-67.53908,-49.99476,-41.52762,-32.7336,-25.66275,-23.08846,-16.63102,-15.93101,-14.03608,-3.798565,9.254057,8.441116,-7.453552,-1.266706,4.396631
-79460.42,-32726.83,-26133.57,-17006.1,-11896,-8214.036,-5850.878,-4052.456,-3100.289,-2600.276,-2084.426,-1871.806,-1760.35,-1622.861,-1503.663,-1656.536,-1722.065,-1856.157,-1823.06,-1572.173,-1298.381,-946.8732,-660.0965,-455.1151,-306.8077,-202.6861,-138.0519,-97.58948,-67.2965,-51.21212,-42.64966,-32.7253,-26.57733,-23.3261,-16.9947,-15.67567,-13.81692,-7.627122,11.7627,13.4936,-5.927596,-0.6337587,4.310574
-80660.5,-32378.73,-26350.98,-17420.87,-12078.85,-8105.959,-5906.43,-4098.942,-3270.091,-2623.356,-2026.018,-1871.883,-1761.754,-1634.23,-1590.316,-1695.421,-1813.689,-1862.265,-1874.146,-1612.115,-1303.96,-977.8442,-678.6129,-475.1606,-311.721,-209.5324,-137.4009,-99.75507,-70.60592,-52.90747,-43.46632,-34.2804,-26.71511,-23.91058,-17.20642,-15.99211,-11.8914,-5.882782,17.89489,16.52637,3.935403,-2.365443,7.897981
-80852.54,-33244.66,-26778.99,-17416.75,-12128.1,-8192.369,-5791.354,-4224.409,-3301.21,-2529.278,-2031.186,-1944.619,-1829.1,-1653.89,-1594.926,-1741.201,-1872.698,-1923.988,-1945.417,-1669.317,-1348.419,-1011.655,-702.075,-479.0584,-318.4346,-214.4827,-143.3688,-103.2145,-71.14489,-54.20631,-44.1812,-33.9062,-26.02408,-23.71362,-17.31112,-15.84745,0.5424147,-1.249129,17.35104,17.50746,6.893445,0.5375373,8.796638
-81345.07,-33126.87,-27089.43,-17824.63,-12188.63,-8511.147,-5938.792,-4225.1,-3272.577,-2585.681,-2067.999,-1982.669,-1859.042,-1748.028,-1672.526,-1767.465,-1896.051,-2061.6,-1970.228,-1734.1,-1395.48,-1022.306,-724.3433,-490.5313,-331.6062,-214.3069,-144.0525,-101.5345,-71.06247,-52.11702,-45.0132,-34.62842,-27.23688,-23.58682,-17.26455,-15.73244,8.446861,5.991616,18.87954,18.69943,6.698151,4.169163,8.373266
-81739.86,-33367,-27050.67,-18236.6,-12370.71,-8577.452,-5939.301,-4250.789,-3113.93,-2525.057,-2154.33,-2003.952,-1838.139,-1727.844,-1762.062,-1824.424,-1898.949,-2130.146,-2062.183,-1786.068,-1430.646,-1071.584,-744.4155,-506.3964,-340.7846,-224.6166,-147.563,-106.3135,-73.22854,-53.9524,-43.34124,-34.08705,-27.3097,-24.04387,-17.4436,-15.01294,9.973711,14.89352,19.84104,17.75064,6.375193,6.651031,10.12145
-82331.15,-32816.89,-27268.14,-17513.46,-12521.7,-8431.999,-5887.327,-4165.363,-3189.897,-2562.027,-2172.116,-2019.225,-1906.017,-1749.422,-1749.942,-1839.339,-1994.234,-2307.94,-2089.603,-1856.341,-1503.289,-1094.553,-763.3099,-510.6726,-341.8645,-228.4521,-150.1116,-108.5045,-76.46941,-53.21314,-43.6344,-35.06926,-27.57788,-24.08111,-17.36496,-15.5196,13.10769,20.7825,20.96663,21.34576,5.396922,11.51904,10.84461
-82890.79,-33643.48,-27400.55,-17700.7,-12705.5,-8542.439,-5743.141,-4309.478,-3327.683,-2615.065,-2070.147,-2084.15,-1838.546,-1826.945,-1846.447,-1921.035,-2179.35,-2178.103,-2172.467,-1923.423,-1555.289,-1134.166,-795.428,-530.8597,-360.8982,-230.5883,-156.0859,-109.5299,-80.41254,-55.05527,-44.30231,-36.36982,-27.92612,-24.91992,-17.26117,-15.35407,15.58657,23.10424,18.98271,19.05693,5.615524,12.25665,12.16109
-82789.59,-32812.67,-27712.49,-17783.65,-12572.67,-8694.162,-5557.869,-4280.289,-3337.318,-2664.955,-2177.203,-2098.664,-1938.551,-1848.086,-1904.9,-1966.169,-2120.347,-2364.717,-2223.615,-1977.408,-1572.861,-1183.867,-807.4563,-540.509,-365.1967,-237.3521,-156.9882,-109.1878,-81.80721,-56.79067,-45.09421,-36.56068,-27.97808,-24.77593,-17.66803,-15.4677,17.03531,22.81008,18.29327,20.13587,11.35976,11.94902,12.29747
-83814.01,-32803.08,-28161.89,-17900.43,-12679.58,-8703.661,-5971.088,-4349.443,-3274.527,-2704.436,-2163.663,-2101.834,-1923.214,-1878.045,-1975.905,-2013.854,-2247.379,-2478.835,-2271.388,-2022.266,-1606.365,-1212.322,-849.0537,-569.9574,-376.8954,-246.3565,-167.3366,-113.2055,-83.5358,-58.58703,-45.63224,-36.04588,-28.7383,-25.25982,-18.25655,-13.95398,20.24274,22.14031,16.91526,22.34053,10.95884,10.15545,14.91906
-83931.25,-33282.09,-28325.23,-18688.95,-12747.38,-8726.056,-5902.721,-4414.85,-3445.983,-2677.289,-2288.358,-2185.425,-1922.137,-1962.566,-2009.135,-2086.589,-2292.557,-2317.793,-2300.866,-2086.783,-1669.599,-1250.381,-868.5358,-588.0858,-398.6719,-256.8472,-173.1468,-114.4162,-84.60708,-60.0511,-47.94464,-37.4682,-29.09948,-24.82866,-11.36842,-9.465638,20.04598,25.79196,16.55293,16.85778,13.20835,9.799056,10.329
-84601.92,-34160.25,-28858.05,-18479.5,-12807.86,-8904.474,-6397.79,-4620.414,-3478.77,-2721.126,-2292.888,-2167.379,-1997.03,-2088.645,-2070.894,-2096.839,-2466.36,-2560.998,-2448.948,-2166.795,-1728.276,-1290.193,-886.1033,-598.673,-399.783,-259.3626,-175.4897,-120.6289,-86.95699,-62.62131,-48.38252,-38.84869,-30.40669,-25.27447,5.177303,11.29812,19.90769,25.00766,17.79879,14.53917,13.40934,13.42932,10.32345
-84427.64,-35167.29,-29248.46,-19393.99,-13345.76,-9117.75,-6420.401,-4579.09,-3596.226,-2839.553,-2477.098,-2323.303,-2054.681,-2129.47,-2069.466,-2190.968,-2539.351,-2618.822,-2484.843,-2231.984,-1755.665,-1311.235,-909.8486,-616.5768,-408.3309,-261.9431,-179.7572,-124.1993,-87.78235,-62.6069,-48.82234,-38.79043,-1.653993,-24.86153,1.826528,14.17674,20.10079,23.40172,15.66532,14.14148,14.42437,11.96836,10.43391
-83974.65,-35839.34,-29395.19,-18280.53,-13075.2,-8904.42,-6473.983,-4525.294,-3501.102,-2836.444,-2416.629,-2352.641,-2029.134,-2153.699,-2148.719,-2268.06,-2639.368,-2726.914,-2558.57,-2330.106,-1809.311,-1350.806,-936.3542,-622.4158,-414.343,-269.3711,-178.7445,-122.2718,-88.89088,-63.46085,-50.07459,-39.84868,29.94312,-23.09603,9.390996,21.67007,22.02497,24.48995,16.45942,15.47185,15.73164,13.76401,10.99001
-84090.43,-36052.18,-29433.99,-19446.48,-13023.12,-9195.924,-6427.507,-4676.613,-3763.934,-2995.506,-2482.724,-2350.265,-2101.786,-2171.083,-2161.081,-2316.559,-2612.853,-2777.834,-2620.85,-2396.868,-1888.697,-1380.979,-956.8611,-644.0642,-427.8929,-279.4454,-187.4156,-124.1509,-91.36996,-65.29813,-50.4695,-40.30989,30.1928,-13.47792,7.501923,28.37523,22.79839,24.22643,11.97957,14.4829,15.48869,13.14263,10.70749
-85254.21,-37342.74,-29976.93,-20748.51,-13699.7,-9519.335,-6726.514,-4988.94,-3796.448,-3146.703,-2620.664,-2494.136,-2182.802,-2300.587,-2312.204,-2431.137,-2734.3,-2892.711,-2737.935,-2461.7,-1929.216,-1407.951,-975.3277,-657.0188,-447.8956,-287.1411,-193.0164,-135.5643,-98.25516,-68.30183,-53.97779,-37.56911,33.43489,3.660828,17.65502,32.35305,13.74345,18.86234,12.68121,12.30668,11.24288,11.4991,7.291743
-85812.8,-37413.79,-29750.14,-19662.59,-13518.34,-8920.192,-6650.271,-4841.404,-3948.721,-3113.381,-2515.062,-2472.595,-2166.307,-2295.146,-2320.049,-2448.796,-2860.706,-2817.183,-2798.175,-2538.355,-1948.572,-1412.118,-1000.565,-677.1921,-450.9992,-288.7833,-197.2474,-132.1171,-98.66269,-69.62477,-53.30015,-34.75789,30.41264,5.010358,20.50525,26.29351,23.70067,18.08889,14.4608,15.97292,15.83893,11.84072,7.729328
-87524.31,-37407.29,-30101.61,-20718.73,-13471.38,-9571.395,-6719.059,-5085.303,-4071.138,-3226.885,-2600.542,-2602.765,-2368.323,-2309.935,-2476.311,-2653.338,-2874.048,-3079.498,-2948.917,-2611.131,-2007.286,-1465.737,-1015.022,-688.6677,-453.3863,-298.4456,-202.2425,-137.4397,-101.5836,-70.49393,-54.68843,-42.15551,37.17596,4.931404,23.89839,33.57127,20.08993,18.61941,10.23585,11.75625,13.16351,9.901456,9.133318
-85767.12,-36423.59,-28806.94,-21179.63,-13983.03,-9549.954,-6887.397,-5121.384,-3973.132,-3311.42,-2663.654,-2589.399,-2390.578,-2386.998,-2526.071,-2664.745,-2940.87,-3057.373,-2986.877,-2695.368,-2002.739,-1476.284,-1027.768,-702.9479,-466.9678,-300.1619,-202.8102,-136.7845,-99.60087,-70.58939,-56.86713,-16.76544,40.75638,12.92319,26.91771,29.05129,20.93595,19.19243,12.9519,11.49356,14.49468,10.99733,6.708105
-85453.24,-36884.8,-29983.75,-21556.21,-13912.35,-9741.661,-7264.865,-5331.732,-4095.334,-3213.034,-2800.143,-2738.569,-2499.98,-2492.928,-2508.048,-2683.125,-2908.315,-3156.041,-3074.872,-2692.111,-2004.977,-1474.073,-1035.017,-705.3967,-467.8087,-310.2612,-212.4151,-140.5185,-102.7707,-74.61909,-43.23557,5.206208,28.83946,16.81489,28.29569,28.09353,20.38435,15.54223,11.9585,9.501788,13.07223,9.710027,6.249822
-85475.71,-37881.14,-30333.57,-21162.76,-13771.65,-9234.396,-7210.708,-5131.523,-4148.751,-3295.201,-2830.06,-2763.36,-2475.346,-2541.636,-2538.878,-2742.909,-3032.015,-3127.778,-3138.865,-2737.974,-2062.485,-1507.649,-1035.07,-706.39,-473.5504,-307.2411,-211.0518,-143.8283,-103.3731,17.05168,-0.863792,11.59405,16.87055,23.11782,23.48975,20.25455,25.37543,16.62303,12.82337,10.57396,18.08435,7.099994,6.858437
-86045,-37819.45,-29971.78,-21198.15,-13874.47,-9729.447,-7293.555,-5382.506,-4208.55,-3280.73,-2887.055,-2865.094,-2605.439,-2586.621,-2656.925,-2800.149,-3133.395,-3246.282,-3111.877,-2803.2,-2109.402,-1528.302,-1047.685,-709.0588,-476.8539,-308.62,-208.9946,-145.7081,-102.1176,89.38235,26.02036,25.7443,40.31647,31.85543,24.86338,23.92855,17.77962,13.13942,9.002279,9.991593,11.49678,7.987332,6.222067
-84432.33,-37076.84,-30370.07,-21285.59,-13592.69,-9672.362,-7257.605,-5400.453,-4137.346,-3456.527,-2850.73,-2882.352,-2526.412,-2657.458,-2684.177,-2796.233,-3320.776,-3388.86,-3200.443,-2796.283,-2089.649,-1549.591,-1058.304,-724.1979,-475.3464,-313.6131,-212.8366,-147.502,-103.5939,74.92299,21.95771,19.65485,24.87304,19.47512,29.19242,23.19611,19.53295,14.12614,11.53113,10.36179,13.65019,7.335546,5.906398
