Set Point (C),0,1,2,3,4,5,6,7,8,9,10,11,12,13,14,15,16,17,18,19,20,21,22,23,24,25,26,27,28,29,30,31,32,33,34,35,36,37,38,39,40,41,42,43,44,45,46,47,48,49,50,51,52,53,54,55,56,57,58,59,60,61,62,63,64,65,66,67,68,69,70,71,72,73,74,75,76,77,78,79,80,81,82,83,84,85,86,87,88,89,90,91,92,93,94,95,96,97,98,99,100,101,102,103,104,105,106,107,108,109,110,111,112,113,114,115,116,117,118,119,120,121,122,123,124,125,126,127,128,129,130,131,132,133,134,135,136,137,138,139,140
30,-3991.028,-4315.723,-4666.455,-5045.65,-5455.005,-5896.323,-6372.954,-6886.469,-7340.12,-7945.523,-8596.357,-9296.063,-10048.43,-10856.51,-11722.86,-12643.95,-13636.44,-14694.66,-15826.45,-17023.43,-18291.77,-19645.19,-21082.88,-22611.75,-24217.1,-25915.5,-27701.91,-29579.64,-31538.89,-33590.19,-35735.33,-37950.33,-40235.57,-42593.76,-45032.91,-47521.2,-50063.94,-52665.05,-55260.88,-57896.69,-60535.51,-63194.35,-65833.98,-68432.55,-70970.39,-73507.27,-75960.46,-78315.14,-80618.65,-82827.98,-84978.03,-87032.79,-88940.31,-90694.61,-92378.26,-93948.4,-95435.2,-96738.21,-97980.41,-99089.79,-100140.1,-101001.1,-101855.0,-102517.7,-103168.0,-103698.4,-104078.8,-104242.2,-104613.2,-104774.5,-104830.7,-105065.6,-105002.3,-104886.0,-104590.6,-104344.5,-104124.6,-103447.6,-103309.6,-101691.4,-101280.3,-101227.6,-100136.0,-99195.66,-96595.23,-95367.04,-93596.71,-92684.5,-91797.76,-89968.66,-89458.34,-88727.05,-88342.42,-87454.19,-86739.38,-85515.98,-84606.18,-84012.96,-83597.91,-82807.6,-81824.84,-81271.05,-80465.14,-79101.09,-78866.27,-78452.58,-77135.48,-76781.4,-77218.19,-76205.09,-75942.17,-76125.79,-76896.39,-77339.8,-77828.64,-77343.8,-78079.39,-78528.41,-78850.65,-79460.42,-80660.5,-80852.54,-81345.07,-81739.86,-82331.15,-82890.79,-82789.59,-83814.01,-83931.25,-84601.92,-84427.64,-83974.65,-84090.43,-85254.21,-85812.8,-87524.31,-85767.12,-85453.24,-85475.71,-86045.0,-84432.33
40,-3573.244,-3875.448,-4203.37,-4559.11,-4944.37,-5361.535,-5813.255,-6302.078,-6830.901,-7321.163,-7944.306,-8617.141,-9340.676,-10119.56,-10956.86,-11852.33,-12813.99,-13841.69,-14943.0,-16108.92,-17344.94,-18662.58,-20063.69,-21547.03,-23109.18,-24753.16,-26478.52,-28290.22,-30165.1,-32117.0,-34144.38,-36224.95,-38348.0,-40521.09,-42727.25,-44959.81,-47198.27,-49452.33,-51666.79,-53875.04,-56046.23,-58182.87,-60272.63,-62302.85,-64243.88,-66176.67,-68032.52,-69805.66,-71567.03,-73272.85,-74938.56,-76603.3,-78230.66,-79826.19,-81437.43,-83014.19,-84640.63,-86185.68,-87748.39,-89285.8,-90840.92,-92276.78,-93705.41,-94981.09,-96223.63,-97322.97,-98197.03,-98843.43,-99298.24,-99516.52,-99473.37,-99230.06,-98525.73,-97487.66,-96094.87,-94507.03,-90728.73,-86726.38,-84577.52,-82645.34,-79375.99,-76839.89,-74207.78,-71810.25,-69239.13,-66593.66,-64620.51,-62147.19,-59916.39,-57579.7,-55554.78,-53615.07,-51684.07,-50049.76,-48111.86,-46549.22,-45034.05,-43822.33,-42914.66,-41698.18,-40239.71,-38720.0,-38081.99,-36952.0,-36323.62,-35230.23,-35453.64,-35232.18,-35289.44,-34740.66,-34523.75,-33994.83,-33975.95,-33690.08,-33739.3,-31985.28,-31614.74,-31930.88,-31672.56,-32726.83,-32378.73,-33244.66,-33126.87,-33367.0,-32816.89,-33643.48,-32812.67,-32803.08,-33282.09,-34160.25,-35167.29,-35839.34,-36052.18,-37342.74,-37413.79,-37407.29,-36423.59,-36884.8,-37881.14,-37819.45,-37076.84
50,-3418.867,-3715.663,-4038.092,-4388.665,-4768.885,-5180.934,-5627.758,-6111.662,-6636.452,-7203.349,-7746.086,-8412.803,-9132.095,-9905.163,-10735.79,-11622.08,-12577.92,-13595.53,-14684.16,-15836.05,-17052.08,-18345.67,-19717.17,-21166.37,-22684.64,-24275.83,-25937.76,-27671.86,-29456.03,-31303.25,-33203.15,-35141.44,-37096.43,-39078.71,-41069.55,-43067.46,-45048.64,-47014.38,-48925.64,-50801.39,-52626.85,-54404.53,-56130.6,-57788.95,-59365.89,-60930.69,-62439.1,-63884.67,-65325.37,-66738.71,-68145.65,-69573.84,-70935.64,-72399.98,-73834.46,-75291.96,-76782.77,-78216.84,-79681.67,-81125.95,-82587.05,-83906.16,-85245.65,-86428.78,-87535.3,-88482.25,-89148.31,-89594.02,-89798.85,-89738.84,-89398.95,-88808.38,-87733.91,-86392.25,-84467.8,-82492.99,-80457.55,-77886.52,-75282.38,-72544.65,-69940.6,-67011.5,-64121.43,-61470.5,-57484.19,-56028.04,-53767.08,-51555.86,-49258.67,-47013.07,-45078.75,-42779.29,-41303.89,-39840.96,-38096.35,-36738.71,-34021.82,-32902.36,-31798.22,-31008.27,-30221.89,-29084.41,-28829.27,-28207.56,-27377.94,-27002.99,-26967.95,-26702.12,-26524.64,-26322.95,-26060.52,-25700.82,-25754.71,-25584.11,-25652.32,-25713.6,-25980.89,-26014.25,-25918.28,-26133.57,-26350.98,-26778.99,-27089.43,-27050.67,-27268.14,-27400.55,-27712.49,-28161.89,-28325.23,-28858.05,-29248.46,-29395.19,-29433.99,-29976.93,-29750.14,-30101.61,-28806.94,-29983.75,-30333.57,-29971.78,-30370.07
60,-3186.341,-3468.285,-3774.681,-4108.064,-4469.581,-4861.672,-5286.586,-5746.652,-6244.618,-6784.184,-7365.166,-7931.999,-8612.117,-9341.519,-10122.94,-10956.8,-11846.38,-12793.41,-13800.31,-14859.49,-15973.27,-17147.57,-18377.38,-19666.05,-21007.76,-22391.48,-23819.05,-25287.58,-26773.07,-28286.36,-29818.16,-31342.35,-32849.33,-34345.71,-35813.91,-37255.07,-38642.79,-40003.55,-41273.12,-42510.79,-43695.51,-44821.38,-45918.18,-46962.61,-47949.77,-48952.38,-49918.81,-50857.15,-51826.07,-52791.91,-53783.49,-54804.95,-55831.92,-56850.63,-57899.0,-58937.42,-60041.54,-61105.51,-62159.05,-63112.92,-64073.43,-64832.7,-65640.01,-66279.3,-66757.45,-66788.98,-66702.91,-66634.41,-66199.32,-65297.27,-64253.6,-63044.09,-61447.39,-59745.36,-57758.16,-55513.83,-53472.21,-51156.51,-48897.89,-46419.28,-44293.91,-41734.61,-39775.78,-38075.32,-36119.03,-34110.61,-32360.76,-30867.3,-29423.58,-28146.67,-27083.1,-25981.6,-25008.62,-23742.15,-22808.36,-21983.22,-21218.6,-20241.9,-18582.2,-17937.91,-17607.7,-17632.98,-17198.94,-16720.12,-16666.86,-16156.75,-16069.89,-15831.45,-15959.47,-16014.14,-15577.36,-15457.81,-15562.31,-16036.45,-15798.54,-15767.81,-16068.18,-16296.87,-16603.71,-17006.1,-17420.87,-17416.75,-17824.63,-18236.6,-17513.46,-17700.7,-17783.65,-17900.43,-18688.95,-18479.5,-19393.99,-18280.53,-19446.48,-20748.51,-19662.59,-20718.73,-21179.63,-21556.21,-21162.76,-21198.15,-21285.59
70,-3009.214,-3275.932,-3568.071,-3892.438,-4234.542,-4605.763,-5009.252,-5446.145,-5919.826,-6431.295,-6977.577,-7511.763,-8149.687,-8846.77,-9586.099,-10351.58,-11180.95,-12056.69,-12995.38,-13968.03,-14983.67,-16049.23,-17142.77,-18299.2,-19478.32,-20679.62,-21882.83,-23130.89,-24375.53,-25639.5,-26851.75,-28079.04,-29244.24,-30361.65,-31463.88,-32530.65,-33500.18,-34448.61,-35353.47,-36203.57,-37005.54,-37771.19,-38523.89,-39272.57,-39947.21,-40667.41,-41371.74,-42006.14,-42780.13,-43584.41,-44374.75,-45203.04,-46002.41,-46783.45,-47644.16,-48432.79,-49335.53,-50083.56,-50828.26,-51455.94,-52130.67,-52561.75,-52830.08,-53153.25,-53383.64,-53282.68,-52490.78,-51607.56,-50759.07,-49317.7,-47902.55,-46600.69,-45009.29,-43245.45,-41225.52,-39180.93,-37287.9,-35572.02,-33877.91,-31859.13,-30441.29,-28323.72,-26887.17,-25473.3,-23935.59,-22503.2,-21041.21,-20269.76,-19319.19,-18278.77,-17462.04,-16722.06,-16029.89,-15404.32,-14792.34,-14282.43,-13761.42,-13238.31,-12955.68,-12439.51,-12190.65,-12008.79,-11853.47,-11697.72,-11730.62,-11623.7,-11404.22,-11318.33,-11433.51,-11476.16,-11426.16,-11369.08,-11435.86,-11458.74,-11528.31,-11508.98,-11611.12,-11691.93,-11954.69,-11896.0,-12078.85,-12128.1,-12188.63,-12370.71,-12521.7,-12705.5,-12572.67,-12679.58,-12747.38,-12807.86,-13345.76,-13075.2,-13023.12,-13699.7,-13518.34,-13471.38,-13983.03,-13912.35,-13771.65,-13874.47,-13592.69
80,-2818.345,-3073.108,-3348.105,-3648.763,-3973.353,-4324.563,-4703.809,-5112.793,-5555.55,-6030.206,-6541.531,-7089.661,-7625.415,-8254.756,-8923.723,-9625.579,-10375.48,-11160.71,-11984.31,-12837.18,-13718.42,-14633.21,-15572.16,-16531.98,-17505.26,-18480.71,-19458.2,-20431.01,-21377.95,-22306.76,-23213.81,-24076.49,-24893.44,-25668.97,-26398.93,-27080.43,-27714.11,-28320.78,-28877.79,-29416.5,-29937.18,-30433.54,-30928.96,-31413.82,-31886.91,-32397.67,-32909.2,-33411.58,-33955.15,-34490.97,-35024.88,-35571.52,-36117.5,-37036.06,-37793.25,-38349.9,-38894.34,-39467.38,-39974.92,-40383.0,-40624.11,-40846.21,-40807.73,-40631.81,-40466.37,-39849.32,-39093.79,-38166.9,-37360.69,-36041.38,-34743.71,-33341.0,-31770.66,-30354.28,-28825.24,-27077.49,-25700.83,-24129.95,-22724.12,-20752.07,-19238.85,-18021.59,-16825.25,-15927.42,-15694.69,-14501.43,-13907.06,-12628.41,-12054.88,-11612.9,-11221.0,-10616.96,-10247.95,-9725.438,-9402.228,-9035.511,-8679.91,-8410.294,-8257.116,-8215.757,-8105.648,-8037.653,-7694.891,-7539.184,-7478.669,-7682.549,-7812.643,-7679.938,-7737.477,-7787.148,-7858.63,-7908.637,-7812.702,-7760.644,-7705.619,-7648.371,-7775.143,-7965.231,-8064.064,-8214.036,-8105.959,-8192.369,-8511.147,-8577.452,-8431.999,-8542.439,-8694.162,-8703.661,-8726.056,-8904.474,-9117.75,-8904.42,-9195.924,-9519.335,-8920.192,-9571.395,-9549.954,-9741.661,-9234.396,-9729.447,-9672.362
90,-2666.134,-2907.726,-3169.346,-3453.156,-3759.964,-4091.301,-4448.217,-4832.8,-5246.765,-5690.421,-6165.537,-6673.302,-7213.69,-7740.588,-8350.878,-8994.104,-9662.622,-10364.31,-11095.15,-11843.66,-12609.92,-13394.06,-14191.79,-14998.66,-15802.66,-16599.97,-17378.91,-18145.02,-18882.39,-19587.79,-20274.73,-20890.89,-21474.41,-22003.55,-22532.13,-22983.72,-23423.32,-23836.83,-24212.34,-24569.48,-24925.72,-25269.36,-25631.56,-25967.37,-26322.51,-26707.09,-27056.31,-27448.45,-27848.36,-28252.6,-28693.33,-29086.64,-29498.15,-29917.23,-30260.41,-30456.34,-30908.07,-31156.62,-31276.39,-31335.16,-31257.43,-31053.53,-30695.75,-30180.48,-29471.49,-28662.15,-27755.93,-26673.52,-25596.91,-24411.41,-23141.99,-21860.34,-20810.63,-19653.94,-18429.62,-17310.31,-16309.31,-15097.84,-14211.4,-13316.88,-12507.03,-11698.27,-11063.14,-10282.28,-9529.622,-9124.402,-8521.935,-7739.791,-7413.019,-7097.975,-6897.838,-6673.352,-6483.654,-6283.129,-6165.508,-5970.299,-5795.159,-5675.618,-5578.179,-5539.398,-5431.581,-5411.289,-5391.756,-5349.248,-5361.0,-5373.521,-5374.112,-5175.666,-5245.902,-5299.413,-5367.354,-5321.87,-5448.782,-5513.699,-5482.063,-5475.761,-5637.587,-5641.748,-5689.944,-5850.878,-5906.43,-5791.354,-5938.792,-5939.301,-5887.327,-5743.141,-5557.869,-5971.088,-5902.721,-6397.79,-6420.401,-6473.983,-6427.507,-6726.514,-6650.271,-6719.059,-6887.397,-7264.865,-7210.708,-7293.555,-7257.605
100,-2519.96,-2747.688,-2993.912,-3260.418,-3549.794,-3859.318,-4191.434,-4548.145,-4929.793,-5337.492,-5771.347,-6232.33,-6719.773,-7233.776,-7773.955,-8291.964,-8881.347,-9486.069,-10108.77,-10737.27,-11372.11,-12012.44,-12651.35,-13284.16,-13904.04,-14497.26,-15074.34,-15627.62,-16138.0,-16611.88,-17069.81,-17476.72,-17845.95,-18175.42,-18479.8,-18766.94,-19025.26,-19282.04,-19491.87,-19721.93,-19952.13,-20195.08,-20426.87,-20663.21,-20912.46,-21176.34,-21474.74,-21730.84,-22023.1,-22331.17,-22619.03,-22914.5,-23173.22,-23409.48,-23582.57,-23731.08,-23841.2,-23826.46,-23716.71,-23528.32,-23250.35,-22822.75,-22276.02,-21646.65,-20955.33,-20137.09,-19263.54,-18347.02,-17365.47,-16408.46,-15415.47,-14539.25,-13639.61,-12843.43,-12028.62,-11299.71,-10694.81,-10004.47,-9428.63,-8844.215,-8308.662,-7763.862,-7356.366,-6936.077,-6519.656,-6224.629,-5988.439,-5769.022,-5460.136,-5244.547,-5022.537,-4901.956,-4764.03,-4622.575,-4542.948,-4333.604,-4113.384,-3877.865,-3857.573,-3776.061,-3814.182,-3837.938,-3696.21,-3513.283,-3708.593,-3526.844,-3623.2,-3588.093,-3558.085,-3583.974,-3582.162,-3855.074,-3858.317,-3914.644,-3879.486,-3861.54,-3890.699,-4018.149,-3989.509,-4052.456,-4098.942,-4224.409,-4225.1,-4250.789,-4165.363,-4309.478,-4280.289,-4349.443,-4414.85,-4620.414,-4579.09,-4525.294,-4676.613,-4988.94,-4841.404,-5085.303,-5121.384,-5331.732,-5131.523,-5382.506,-5400.453
110,-2378.43,-2592.104,-2822.049,-3070.161,-3336.56,-3621.93,-3927.463,-4253.208,-4600.209,-4968.456,-5357.078,-5767.571,-6198.813,-6647.968,-7116.042,-7597.039,-8051.781,-8557.012,-9069.672,-9579.895,-10084.67,-10585.95,-11074.49,-11554.78,-12009.35,-12441.76,-12844.8,-13224.02,-13569.86,-13886.77,-14189.65,-14446.18,-14683.9,-14893.95,-15090.62,-15273.86,-15447.47,-15620.03,-15776.37,-15944.54,-16114.18,-16298.22,-16459.49,-16648.37,-16858.44,-17064.34,-17292.05,-17489.42,-17693.73,-17764.56,-17908.33,-18042.54,-18233.54,-18287.17,-18326.86,-18335.61,-18237.76,-18038.18,-17773.84,-17430.39,-17042.57,-16522.11,-15970.92,-15340.56,-14706.21,-14008.95,-13298.41,-12544.91,-11877.1,-11157.59,-10490.47,-9877.435,-9282.443,-8704.192,-8158.776,-7624.536,-7166.861,-6712.344,-6355.977,-5957.54,-5654.911,-5340.842,-4924.32,-4561.875,-4307.723,-4160.971,-4126.689,-3782.419,-3607.465,-3482.999,-3321.713,-3241.246,-3183.791,-3103.852,-2967.341,-2907.447,-2877.122,-2875.808,-2867.501,-2872.913,-2847.024,-2843.664,-2845.615,-2826.325,-2845.454,-2807.886,-2798.973,-2816.186,-2875.278,-2842.838,-2860.743,-2882.367,-2852.814,-2951.178,-2973.455,-3005.402,-3094.737,-3074.534,-3064.816,-3100.289,-3270.091,-3301.21,-3272.577,-3113.93,-3189.897,-3327.683,-3337.318,-3274.527,-3445.983,-3478.77,-3596.226,-3501.102,-3763.934,-3796.448,-3948.721,-4071.138,-3973.132,-4095.334,-4148.751,-4208.55,-4137.346
120,-2253.716,-2453.216,-2667.735,-2898.322,-3144.918,-3408.169,-3689.993,-3987.332,-4302.039,-4634.13,-4981.899,-5346.481,-5725.081,-6117.354,-6520.487,-6928.541,-7346.538,-7729.333,-8151.296,-8562.349,-8963.475,-9354.987,-9732.564,-10096.1,-10434.4,-10751.1,-11042.92,-11315.8,-11560.4,-11779.33,-11988.67,-12171.37,-12335.37,-12482.55,-12628.03,-12766.28,-12896.4,-13042.71,-13166.78,-13306.38,-13450.78,-13598.01,-13757.22,-13847.88,-13973.61,-14154.08,-14327.38,-14484.42,-14702.38,-14759.47,-14886.37,-14928.49,-14949.22,-14941.21,-14844.16,-14704.53,-14553.56,-14266.9,-13924.39,-13431.42,-13052.29,-12577.57,-12085.89,-11511.67,-10905.86,-10273.05,-9712.945,-9167.641,-8618.886,-8093.293,-7581.018,-7130.977,-6711.673,-6307.657,-5918.387,-5559.527,-5263.364,-4937.856,-4686.697,-4459.169,-4248.538,-4013.645,-3813.16,-3691.838,-3525.205,-3338.056,-3111.288,-2996.046,-2945.737,-2869.593,-2764.905,-2719.839,-2704.831,-2667.164,-2606.63,-2559.134,-2572.386,-2486.529,-2423.906,-2465.457,-2471.824,-2450.653,-2439.582,-2429.764,-2404.068,-2337.104,-2343.063,-2366.886,-2394.098,-2389.173,-2390.149,-2398.191,-2350.153,-2393.278,-2482.131,-2494.146,-2521.957,-2537.015,-2500.697,-2600.276,-2623.356,-2529.278,-2585.681,-2525.057,-2562.027,-2615.065,-2664.955,-2704.436,-2677.289,-2721.126,-2839.553,-2836.444,-2995.506,-3146.703,-3113.381,-3226.885,-3311.42,-3213.034,-3295.201,-3280.73,-3456.527
130,-2136.232,-2321.565,-2524.045,-2734.152,-2966.087,-3200.587,-3466.937,-3736.756,-4020.638,-4316.985,-4625.722,-4945.753,-5275.285,-5612.859,-5955.787,-6300.497,-6643.836,-6986.592,-7323.817,-7620.148,-7933.233,-8235.234,-8522.321,-8796.196,-9045.104,-9276.168,-9489.225,-9685.027,-9859.842,-10021.42,-10176.14,-10310.6,-10439.79,-10556.79,-10678.74,-10791.67,-10904.67,-11031.61,-11144.22,-11274.83,-11400.86,-11532.78,-11664.13,-11799.02,-11928.09,-12061.48,-12152.92,-12298.3,-12384.51,-12452.7,-12320.24,-12327.29,-12309.62,-12164.65,-11981.94,-11783.82,-11600.06,-11329.59,-10943.87,-10513.43,-10085.59,-9612.596,-9153.226,-8668.67,-8180.418,-7701.097,-7280.982,-6835.527,-6437.282,-6031.858,-5666.696,-5313.03,-4995.731,-4718.29,-4451.155,-4174.134,-3962.261,-3690.418,-3547.991,-3364.552,-3247.624,-3089.449,-2957.322,-2861.174,-2756.105,-2659.905,-2617.64,-2536.408,-2502.481,-2435.478,-2391.184,-2343.086,-2311.376,-2252.94,-2253.889,-2076.148,-2035.046,-2005.727,-2033.788,-2005.215,-1977.059,-1989.421,-1963.31,-1963.947,-1969.898,-1952.973,-1929.472,-1925.738,-1947.332,-1962.885,-2011.981,-2018.156,-1977.417,-1991.069,-1965.449,-1979.198,-2000.688,-1999.281,-2009.862,-2084.426,-2026.018,-2031.186,-2067.999,-2154.33,-2172.116,-2070.147,-2177.203,-2163.663,-2288.358,-2292.888,-2477.098,-2416.629,-2482.724,-2620.664,-2515.062,-2600.542,-2663.654,-2800.143,-2830.06,-2887.055,-2850.73
140,-2036.051,-2211.43,-2397.528,-2595.608,-2805.396,-3026.582,-3259.406,-3503.727,-3758.992,-4023.74,-4296.563,-4576.884,-4863.528,-5148.308,-5437.345,-5730.064,-6019.558,-6300.737,-6571.378,-6834.535,-7054.565,-7290.471,-7513.365,-7727.041,-7922.1,-8100.243,-8261.506,-8416.813,-8557.337,-8687.186,-8820.563,-8933.365,-9045.735,-9151.937,-9264.816,-9377.036,-9487.531,-9603.539,-9710.908,-9824.87,-9945.903,-9992.424,-10149.77,-10232.29,-10320.82,-10452.99,-10507.64,-10561.1,-10603.23,-10649.96,-10573.38,-10512.15,-10478.11,-10209.49,-10013.49,-9803.198,-9550.1,-9205.612,-8823.671,-8440.723,-8037.208,-7628.557,-7232.685,-6838.935,-6436.698,-6065.768,-5689.738,-5333.1,-4987.112,-4688.609,-4402.647,-4126.83,-3880.357,-3647.7,-3447.167,-3231.617,-3083.649,-2891.738,-2800.403,-2629.662,-2519.653,-2406.128,-2305.82,-2247.661,-2141.686,-2097.949,-2023.634,-1988.393,-1926.239,-1879.644,-1806.506,-1789.551,-1616.891,-1618.109,-1599.471,-1598.875,-1574.474,-1587.337,-1605.223,-1581.475,-1565.386,-1551.354,-1559.547,-1608.073,-1640.084,-1673.678,-1672.172,-1702.554,-1708.129,-1720.094,-1797.44,-1815.675,-1797.852,-1775.513,-1831.175,-1833.059,-1804.166,-1869.674,-1825.621,-1871.806,-1871.883,-1944.619,-1982.669,-2003.952,-2019.225,-2084.15,-2098.664,-2101.834,-2185.425,-2167.379,-2323.303,-2352.641,-2350.265,-2494.136,-2472.595,-2602.765,-2589.399,-2738.569,-2763.36,-2865.094,-2882.352
150,-1939.524,-2102.391,-2274.911,-2457.26,-2649.469,-2851.221,-3062.131,-3279.977,-3507.599,-3742.691,-3982.376,-4225.937,-4473.306,-4720.386,-4967.021,-5209.747,-5442.2,-5670.499,-5893.314,-6104.386,-6301.03,-6465.216,-6644.564,-6814.302,-6969.919,-7115.633,-7250.438,-7380.301,-7503.025,-7620.714,-7747.791,-7856.944,-7966.304,-8067.859,-8179.747,-8291.639,-8394.797,-8491.811,-8601.471,-8738.469,-8822.866,-8933.231,-9039.506,-9156.428,-9254.51,-9284.45,-9329.838,-9364.093,-9325.536,-9308.963,-9245.879,-9132.696,-8968.845,-8759.051,-8517.308,-8225.565,-7901.885,-7563.329,-7246.175,-6909.71,-6570.677,-6218.487,-5904.782,-5526.573,-5164.924,-4860.063,-4549.051,-4257.461,-4039.206,-3791.766,-3598.406,-3371.804,-3190.532,-3081.186,-2922.43,-2778.443,-2586.581,-2481.583,-2358.803,-2222.206,-2148.987,-2101.198,-2023.023,-1980.538,-1902.978,-1872.259,-1859.001,-1816.094,-1774.489,-1652.429,-1619.062,-1599.683,-1605.889,-1644.769,-1593.401,-1538.328,-1494.956,-1549.22,-1522.937,-1559.006,-1527.621,-1550.823,-1543.498,-1533.946,-1545.532,-1559.639,-1548.789,-1558.924,-1568.16,-1567.568,-1593.41,-1571.513,-1565.619,-1629.563,-1641.488,-1626.056,-1664.191,-1693.115,-1699.52,-1760.35,-1761.754,-1829.1,-1859.042,-1838.139,-1906.017,-1838.546,-1938.551,-1923.214,-1922.137,-1997.03,-2054.681,-2029.134,-2101.786,-2182.802,-2166.307,-2368.323,-2390.578,-2499.98,-2475.346,-2605.439,-2526.412
160,-1842.98,-1994.083,-2154.586,-2322.243,-2497.554,-2679.195,-2870.608,-3067.789,-3270.823,-3478.471,-3688.728,-3901.017,-4113.277,-4324.089,-4534.143,-4736.651,-4934.619,-5125.497,-5309.517,-5483.185,-5645.453,-5798.772,-5945.487,-6070.479,-6202.51,-6328.78,-6447.271,-6563.898,-6677.087,-6783.13,-6902.057,-7006.105,-7114.164,-7219.336,-7324.385,-7432.711,-7537.968,-7655.72,-7750.62,-7848.012,-7953.493,-8058.023,-8133.785,-8209.952,-8257.818,-8300.741,-8307.636,-8262.322,-8049.342,-8099.015,-7906.223,-7760.427,-7634.192,-7448.628,-7222.608,-6932.543,-6666.229,-6303.75,-5952.803,-5611.089,-5277.591,-5002.019,-4782.632,-4524.83,-4211.982,-3986.473,-3708.866,-3452.933,-3288.363,-3018.499,-2807.274,-2670.09,-2556.428,-2428.421,-2248.714,-2139.633,-2092.087,-1952.411,-1859.993,-1834.803,-1752.014,-1693.793,-1616.41,-1570.782,-1501.764,-1481.07,-1479.931,-1471.84,-1386.465,-1390.312,-1394.616,-1385.42,-1392.544,-1354.867,-1330.609,-1367.558,-1388.751,-1373.075,-1395.454,-1417.545,-1415.542,-1458.454,-1459.208,-1408.596,-1407.03,-1413.912,-1332.989,-1374.243,-1395.915,-1363.362,-1433.09,-1477.275,-1519.762,-1576.475,-1532.372,-1545.693,-1559.098,-1599.907,-1586.912,-1622.861,-1634.23,-1653.89,-1748.028,-1727.844,-1749.422,-1826.945,-1848.086,-1878.045,-1962.566,-2088.645,-2129.47,-2153.699,-2171.083,-2300.587,-2295.146,-2309.935,-2386.998,-2492.928,-2541.636,-2586.621,-2657.458
170,-1764.908,-1903.804,-2049.784,-2204.968,-2366.476,-2533.505,-2706.042,-2883.319,-3064.983,-3248.803,-3434.437,-3620.282,-3805.309,-4011.9,-4192.874,-4367.472,-4539.224,-4700.615,-4859.262,-5007.539,-5146.542,-5280.205,-5414.796,-5541.691,-5665.872,-5767.942,-5880.478,-5993.72,-6109.109,-6218.456,-6341.688,-6440.375,-6542.51,-6655.575,-6773.427,-6885.832,-6997.165,-7112.988,-7198.796,-7303.32,-7398.883,-7491.932,-7566.313,-7624.447,-7659.66,-7678.072,-7676.287,-7636.906,-7560.804,-7468.844,-7256.011,-7087.51,-6883.656,-6661.029,-6419.593,-6140.439,-5909.426,-5626.129,-5364.561,-5048.261,-4796.914,-4572.267,-4301.377,-4031.084,-3774.131,-3573.156,-3341.852,-3115.493,-2867.959,-2718.781,-2634.421,-2472.838,-2326.616,-2235.032,-2090.948,-1959.924,-1881.466,-1779.453,-1739.115,-1671.754,-1602.166,-1510.709,-1482.804,-1476.695,-1467.157,-1423.689,-1362.575,-1282.925,-1223.236,-1218.119,-1206.884,-1233.15,-1264.782,-1239.73,-1240.271,-1218.335,-1247.999,-1244.387,-1223.85,-1265.863,-1219.494,-1252.26,-1242.216,-1251.89,-1279.783,-1269.479,-1279.108,-1281.861,-1325.402,-1322.779,-1368.193,-1370.788,-1433.198,-1438.132,-1427.555,-1421.114,-1458.166,-1442.121,-1510.756,-1503.663,-1590.316,-1594.926,-1672.526,-1762.062,-1749.942,-1846.447,-1904.9,-1975.905,-2009.135,-2070.894,-2069.466,-2148.719,-2161.081,-2312.204,-2320.049,-2476.311,-2526.071,-2508.048,-2538.878,-2656.925,-2684.177
180,-1684.45,-1816.502,-1953.885,-2096.855,-2245.422,-2398.704,-2556.142,-2716.648,-2880.603,-3045.425,-3210.484,-3375.53,-3539.85,-3703.089,-3861.32,-4014.937,-4164.422,-4309.378,-4449.316,-4582.605,-4711.344,-4833.164,-4957.188,-5077.738,-5195.96,-5310.773,-5426.357,-5530.592,-5641.977,-5758.529,-5881.676,-5995.674,-6114.188,-6222.817,-6340.394,-6449.813,-6560.426,-6670.398,-6761.221,-6863.338,-6952.038,-7021.796,-7075.273,-7152.751,-7170.479,-7151.761,-7127.126,-7061.892,-6979.632,-6866.411,-6672.067,-6427.239,-6222.076,-5978.509,-5709.466,-5489.888,-5305.562,-5055.23,-4783.509,-4425.06,-4217.211,-3923.451,-3641.731,-3444.202,-3280.57,-2993.656,-2837.731,-2655.377,-2511.209,-2363.229,-2240.844,-2152.982,-2059.063,-1950.318,-1867.172,-1755.327,-1685.86,-1604.428,-1554.577,-1461.004,-1451.181,-1409.685,-1356.602,-1320.85,-1310.193,-1292.076,-1320.128,-1277.011,-1260.396,-1252.139,-1235.23,-1233.291,-1265.984,-1242.676,-1230.292,-1253.451,-1235.64,-1252.911,-1252.178,-1302.924,-1293.169,-1328.134,-1253.108,-1304.02,-1288.121,-1329.909,-1378.275,-1395.677,-1418.306,-1448.99,-1473.516,-1486.323,-1507.25,-1561.928,-1627.421,-1618.872,-1572.23,-1617.466,-1638.744,-1656.536,-1695.421,-1741.201,-1767.465,-1824.424,-1839.339,-1921.035,-1966.169,-2013.854,-2086.589,-2096.839,-2190.968,-2268.06,-2316.559,-2431.137,-2448.796,-2653.338,-2664.745,-2683.125,-2742.909,-2800.149,-2796.233
190,-1611.44,-1733.364,-1862.663,-1995.266,-2138.238,-2275.687,-2418.323,-2566.298,-2711.629,-2857.426,-3005.358,-3162.9,-3309.301,-3453.751,-3593.052,-3722.732,-3861.986,-3990.823,-4118.418,-4239.835,-4355.115,-4471.581,-4596.311,-4719.192,-4835.786,-4954.104,-5067.471,-5192.983,-5305.844,-5425.018,-5550.692,-5672.232,-5794.359,-5914.344,-6040.803,-6156.291,-6264.262,-6382.59,-6468.279,-6541.478,-6611.549,-6708.845,-6771.024,-6811.337,-6774.374,-6731.507,-6622.283,-6535.929,-6446.567,-6283.667,-6227.329,-5988.715,-5799.459,-5492.73,-5189.487,-4903.515,-4711.753,-4478.101,-4256.325,-4162.152,-3819.382,-3556.044,-3336.569,-3088.481,-2921.877,-2706.149,-2675.465,-2553.682,-2270.619,-2195.142,-2007.333,-1968.022,-1872.272,-1784.195,-1747.727,-1694.471,-1569.924,-1485.895,-1457.188,-1422.83,-1371.327,-1359.385,-1335.228,-1340.111,-1282.338,-1236.419,-1169.386,-1212.426,-1192.974,-1194.559,-1231.036,-1212.347,-1202.059,-1166.818,-1177.872,-1196.231,-1199.566,-1191.904,-1209.359,-1247.684,-1280.893,-1230.991,-1229.878,-1246.358,-1298.831,-1320.749,-1321.233,-1325.865,-1334.922,-1387.457,-1438.057,-1464.756,-1573.638,-1551.959,-1541.786,-1614.513,-1626.728,-1688.992,-1693.488,-1722.065,-1813.689,-1872.698,-1896.051,-1898.949,-1994.234,-2179.35,-2120.347,-2247.379,-2292.557,-2466.36,-2539.351,-2639.368,-2612.853,-2734.3,-2860.706,-2874.048,-2940.87,-2908.315,-3032.015,-3133.395,-3320.776
200,-1539.45,-1654.225,-1770.728,-1893.786,-2019.805,-2147.31,-2275.511,-2404.155,-2534.542,-2665.409,-2794.03,-2922.929,-3042.85,-3171.057,-3299.438,-3419.522,-3538.113,-3646.86,-3758.437,-3874.544,-3981.388,-4086.582,-4195.428,-4305.329,-4415.205,-4524.822,-4632.983,-4737.725,-4851.917,-4936.408,-5073.708,-5169.561,-5293.33,-5392.941,-5483.36,-5574.133,-5651.093,-5748.526,-5849.117,-5913.442,-5968.974,-6013.934,-6032.563,-6034.832,-5975.616,-5934.565,-5881.053,-5793.448,-5690.69,-5547.264,-5427.331,-5277.385,-5025.606,-4773.792,-4520.602,-4366.424,-4111.939,-3922.1,-3721.827,-3526.081,-3414.993,-3256.706,-3062.229,-2892.764,-2736.771,-2596.821,-2404.7,-2269.924,-2154.726,-2006.039,-1900.482,-1780.637,-1702.703,-1625.419,-1568.002,-1459.718,-1459.577,-1406.132,-1354.599,-1305.688,-1269.835,-1235.504,-1238.862,-1215.696,-1160.37,-1154.507,-1201.657,-1208.908,-1178.763,-1165.382,-1151.393,-1185.518,-1209.654,-1186.681,-1195.996,-1203.444,-1209.285,-1219.69,-1224.964,-1237.885,-1252.978,-1232.256,-1310.887,-1319.517,-1322.042,-1335.943,-1370.155,-1384.885,-1436.928,-1441.633,-1529.502,-1544.267,-1596.462,-1602.988,-1592.894,-1619.631,-1688.865,-1815.288,-1776.788,-1856.157,-1862.265,-1923.988,-2061.6,-2130.146,-2307.94,-2178.103,-2364.717,-2478.835,-2317.793,-2560.998,-2618.822,-2726.914,-2777.834,-2892.711,-2817.183,-3079.498,-3057.373,-3156.041,-3127.778,-3246.282,-3388.86
210,-1468.797,-1574.089,-1681.176,-1792.423,-1903.712,-2018.484,-2134.012,-2250.642,-2365.574,-2478.679,-2596.655,-2708.807,-2818.054,-2933.088,-3038.263,-3143.948,-3250.132,-3347.407,-3447.957,-3546.669,-3641.488,-3736.915,-3833.978,-3930.878,-4034.059,-4133.03,-4229.899,-4327.702,-4421.665,-4518.404,-4614.88,-4710.517,-4806.734,-4888.214,-4964.767,-5062.242,-5139.686,-5216.457,-5284.863,-5329.811,-5374.466,-5405.328,-5338.924,-5325.748,-5276.869,-5243.169,-5160.593,-5060.435,-4937.891,-4768.634,-4653.929,-4487.796,-4336.443,-4137.886,-3939.215,-3709.489,-3563.789,-3390.644,-3195.52,-3028.924,-2849.327,-2686.816,-2534.856,-2415.067,-2220.239,-2137.357,-2023.664,-1925.12,-1826.432,-1716.345,-1668.191,-1583.857,-1533.138,-1452.974,-1374.714,-1324.827,-1280.859,-1247.894,-1220.613,-1189.98,-1162.751,-1135.813,-1118.905,-1110.985,-1108.615,-1092.962,-1104.96,-1109.954,-1104.901,-1089.469,-1098.862,-1105.894,-1119.989,-1142.718,-1118.791,-1137.346,-1152.72,-1174.365,-1192.46,-1188.982,-1224.321,-1244.847,-1256.023,-1298.005,-1315.325,-1346.521,-1363.69,-1372.523,-1365.993,-1426.749,-1462.539,-1485.187,-1521.113,-1568.374,-1615.323,-1631.867,-1686.492,-1734.92,-1781.497,-1823.06,-1874.146,-1945.417,-1970.228,-2062.183,-2089.603,-2172.467,-2223.615,-2271.388,-2300.866,-2448.948,-2484.843,-2558.57,-2620.85,-2737.935,-2798.175,-2948.917,-2986.877,-3074.872,-3138.865,-3111.877,-3200.443
220,-1384.302,-1485.131,-1587.191,-1686.238,-1787.857,-1888.528,-1989.572,-2092.85,-2196.235,-2297.095,-2397.537,-2495.96,-2593.029,-2689.358,-2783.123,-2871.147,-2961.666,-3052.971,-3141.633,-3225.401,-3309.596,-3393.222,-3481.325,-3567.354,-3658.394,-3745.557,-3824.444,-3913.686,-3998.412,-4078.263,-4164.757,-4243.064,-4333.838,-4409.096,-4485.231,-4532.212,-4575.209,-4622.274,-4640.804,-4677.722,-4679.736,-4653.127,-4615.35,-4567.074,-4513.095,-4432.193,-4327.448,-4185.42,-4074.342,-3945.389,-3804.968,-3664.01,-3525.313,-3373.226,-3226.978,-3072.625,-2931.542,-2778.559,-2628.61,-2497.68,-2357.032,-2210.486,-2035.289,-1931.114,-1830.686,-1749.805,-1675.077,-1602.274,-1520.739,-1430.571,-1384.014,-1325.644,-1279.272,-1223.531,-1172.626,-1127.421,-1090.613,-1054.103,-1051.01,-993.9241,-1003.256,-990.3222,-966.9169,-972.2725,-947.4843,-949.9944,-944.5179,-942.2367,-928.5219,-950.9872,-931.6304,-927.2062,-914.8563,-921.5454,-927.3074,-948.2644,-962.6509,-986.1201,-981.6297,-1000.665,-1022.81,-1034.401,-1055.547,-1042.635,-1112.884,-1112.05,-1128.678,-1134.82,-1186.21,-1201.115,-1244.885,-1270.891,-1299.615,-1343.352,-1388.233,-1411.672,-1472.388,-1531.161,-1576.274,-1572.173,-1612.115,-1669.317,-1734.1,-1786.068,-1856.341,-1923.423,-1977.408,-2022.266,-2086.783,-2166.795,-2231.984,-2330.106,-2396.868,-2461.7,-2538.355,-2611.131,-2695.368,-2692.111,-2737.974,-2803.2,-2796.283
230,-1297.528,-1385.616,-1475.658,-1564.009,-1653.06,-1741.234,-1829.119,-1916.415,-2003.252,-2088.559,-2169.955,-2258.317,-2344.033,-2422.65,-2499.147,-2581.856,-2653.852,-2726.79,-2797.856,-2858.463,-2925.63,-2990.671,-3062.844,-3129.773,-3203.895,-3268.669,-3337.037,-3402.979,-3470.638,-3530.488,-3593.638,-3645.519,-3699.382,-3743.788,-3781.133,-3809.003,-3820.256,-3834.851,-3827.797,-3815.271,-3779.521,-3753.848,-3695.838,-3613.764,-3471.304,-3387.043,-3372.172,-3265.277,-3137.625,-3010.278,-2896.134,-2776.419,-2643.833,-2542.252,-2399.028,-2280.667,-2160.362,-2044.936,-1943.725,-1855.437,-1771.819,-1667.436,-1573.971,-1462.379,-1399.414,-1343.542,-1239.279,-1172.923,-1122.224,-1081.783,-1041.398,-996.0923,-958.9958,-947.2498,-873.4702,-847.5098,-814.0811,-786.3559,-774.0147,-763.3113,-745.2448,-732.5789,-720.9984,-727.1019,-726.7977,-721.6653,-730.0968,-722.0204,-731.2178,-729.3102,-744.0497,-757.45,-762.2474,-761.9045,-762.1317,-765.4434,-782.1624,-797.6487,-813.3213,-840.0789,-843.4334,-852.8255,-860.027,-879.4374,-893.6163,-919.9899,-941.1965,-949.9688,-976.596,-1004.765,-1028.128,-1052.048,-1056.922,-1097.608,-1122.476,-1138.8,-1179.456,-1196.241,-1236.572,-1298.381,-1303.96,-1348.419,-1395.48,-1430.646,-1503.289,-1555.289,-1572.861,-1606.365,-1669.599,-1728.276,-1755.665,-1809.311,-1888.697,-1929.216,-1948.572,-2007.286,-2002.739,-2004.977,-2062.485,-2109.402,-2089.649
240,-1193.713,-1274.15,-1351.982,-1428.478,-1504.776,-1579.695,-1652.315,-1721.877,-1791.056,-1860.331,-1925.064,-1987.032,-2048.775,-2110.095,-2170.605,-2223.947,-2278.507,-2330.695,-2380.012,-2427.902,-2465.48,-2510.573,-2557.482,-2603.893,-2649.87,-2691.24,-2748.824,-2787.825,-2821.711,-2848.172,-2877.935,-2897.437,-2917.347,-2925.828,-2931.295,-2929.59,-2920.031,-2909.553,-2876.438,-2841.534,-2786.451,-2741.144,-2680.09,-2617.375,-2528.802,-2443.619,-2369.127,-2269.591,-2173.417,-2082.239,-1992.233,-1899.329,-1800.652,-1706.99,-1544.612,-1449.934,-1376.609,-1327.233,-1269.871,-1221.558,-1174.282,-1106.55,-1052.551,-1000.069,-931.2696,-887.2086,-833.7027,-803.9892,-765.8862,-741.2936,-709.4739,-695.2365,-671.6037,-643.2556,-622.7558,-609.7753,-610.9005,-581.4844,-569.0111,-554.5117,-552.496,-551.6738,-540.9357,-539.5461,-539.9653,-537.0657,-552.5848,-547.5132,-553.6844,-550.0367,-558.9669,-568.501,-575.0784,-576.0358,-579.4982,-590.028,-589.2128,-599.306,-617.1045,-616.5251,-630.2352,-650.1337,-661.3631,-676.9979,-689.1706,-694.9674,-703.5098,-719.5016,-745.7689,-762.4384,-776.3945,-799.4537,-811.3896,-824.4077,-849.4204,-860.8197,-890.2776,-905.0728,-928.7264,-946.8732,-977.8442,-1011.655,-1022.306,-1071.584,-1094.553,-1134.166,-1183.867,-1212.322,-1250.381,-1290.193,-1311.235,-1350.806,-1380.979,-1407.951,-1412.118,-1465.737,-1476.284,-1474.073,-1507.649,-1528.302,-1549.591
250,-1089.578,-1154.796,-1218.427,-1284.506,-1345.022,-1404.831,-1463.279,-1519.245,-1572.684,-1623.259,-1670.866,-1716.924,-1758.682,-1799.056,-1835.907,-1870.081,-1908.365,-1940.829,-1968.734,-1995.653,-2018.251,-2043.434,-2066.158,-2083.56,-2107.359,-2121.07,-2134.844,-2148.175,-2155.281,-2161.044,-2167.905,-2161.236,-2146.213,-2126.342,-2106.901,-2090.988,-2064.783,-2019.279,-1975.402,-1916.765,-1871.822,-1816.805,-1767.164,-1682.073,-1633.589,-1569.573,-1473.33,-1405.254,-1349.35,-1299.94,-1228.083,-1163.702,-1101.432,-1036.864,-987.2864,-932.4413,-884.7708,-837.7019,-794.3337,-749.7206,-712.9716,-678.1777,-645.6873,-611.9481,-578.5349,-552.7087,-522.7419,-508.5011,-491.2885,-476.6133,-465.7399,-452.5503,-442.2538,-438.649,-427.9479,-421.2236,-417.7374,-408.4932,-411.6707,-407.0808,-404.1175,-402.7958,-404.5597,-404.4231,-394.273,-397.3661,-399.5042,-397.6714,-400.5479,-403.5199,-403.9187,-408.8345,-415.3925,-416.0128,-423.8245,-434.2424,-432.1546,-440.2413,-446.1268,-460.089,-464.6339,-468.0066,-475.8908,-475.8109,-488.1125,-500.7988,-509.3165,-517.2214,-524.8792,-541.4911,-554.057,-564.5037,-572.3635,-581.0313,-592.136,-605.3519,-620.5942,-628.4435,-647.4714,-660.0965,-678.6129,-702.075,-724.3433,-744.4155,-763.3099,-795.428,-807.4563,-849.0537,-868.5358,-886.1033,-909.8486,-936.3542,-956.8611,-975.3277,-1000.565,-1015.022,-1027.768,-1035.017,-1035.07,-1047.685,-1058.304
260,-986.2228,-1041.048,-1094.931,-1146.388,-1194.308,-1238.957,-1283.286,-1323.324,-1361.035,-1396.034,-1428.237,-1456.74,-1484.336,-1507.631,-1529.761,-1550.071,-1565.365,-1577.989,-1590.316,-1597.073,-1603.59,-1610.018,-1617.011,-1625.516,-1645.126,-1641.154,-1632.96,-1620.819,-1613.498,-1604.97,-1592.844,-1571.493,-1549.755,-1524.005,-1495.779,-1462.975,-1428.452,-1387.794,-1342.622,-1298.841,-1254.215,-1207.214,-1162.666,-1114.948,-1066.154,-1019.738,-971.9989,-923.2836,-876.9975,-833.7441,-771.3387,-730.1473,-691.692,-655.5703,-620.9497,-588.4295,-560.1169,-537.8895,-497.5539,-492.0522,-472.9037,-438.73,-428.329,-400.1767,-385.4384,-374.6218,-365.1266,-354.4376,-345.818,-337.5453,-332.178,-325.9241,-322.9746,-320.0102,-314.8461,-310.2276,-311.1349,-305.4371,-308.6348,-306.3412,-309.0492,-309.9491,-308.9391,-311.7426,-310.164,-314.1615,-318.6522,-320.7624,-319.4979,-319.5378,-326.503,-329.6401,-330.7398,-334.5283,-334.4763,-341.2213,-340.7997,-345.9942,-347.3181,-346.8126,-354.7655,-358.3884,-357.8027,-361.726,-368.1031,-372.1503,-370.8904,-380.3655,-383.0869,-387.4417,-392.7549,-399.2496,-406.8007,-412.9517,-418.534,-423.8193,-431.5236,-441.6562,-448.3104,-455.1151,-475.1606,-479.0584,-490.5313,-506.3964,-510.6726,-530.8597,-540.509,-569.9574,-588.0858,-598.673,-616.5768,-622.4158,-644.0642,-657.0188,-677.1921,-688.6677,-702.9479,-705.3967,-706.39,-709.0588,-724.1979
270,-887.0018,-932.4628,-973.4633,-1009.703,-1046.516,-1080.217,-1109.176,-1136.627,-1160.249,-1182.155,-1199.437,-1215.951,-1225.688,-1236.336,-1243.78,-1247.07,-1263.178,-1264.825,-1263.883,-1259.572,-1255.305,-1249.553,-1242.506,-1229.447,-1213.851,-1203.471,-1188.052,-1171.008,-1152.644,-1137.492,-1115.098,-1087.5,-1062.934,-1033.174,-1004.316,-974.0402,-938.7483,-906.1207,-873.2505,-838.5057,-806.3963,-771.9128,-737.2264,-703.6868,-672.4178,-640.0057,-609.1959,-576.0358,-549.9902,-523.0515,-496.6432,-473.9976,-450.5259,-428.4027,-408.663,-389.754,-372.834,-356.4328,-341.883,-328.0165,-315.8826,-303.5952,-293.7408,-284.6379,-276.5293,-268.8299,-262.5389,-256.0965,-230.879,-225.2846,-223.2237,-219.9273,-218.1098,-223.4841,-222.0308,-218.7748,-219.6443,-219.1993,-222.4507,-221.2327,-223.6613,-225.4515,-225.4952,-231.9061,-229.8602,-230.7277,-234.4803,-234.5108,-236.2954,-237.0818,-240.2827,-240.7518,-244.6459,-246.0599,-247.1501,-248.5649,-250.5435,-253.9254,-254.7955,-257.345,-258.3156,-262.2964,-262.6478,-266.4283,-265.847,-272.0397,-272.9322,-273.8324,-275.9474,-275.0136,-275.435,-276.3257,-278.1637,-284.3709,-285.5571,-286.427,-293.2343,-297.8358,-298.7249,-306.8077,-311.721,-318.4346,-331.6062,-340.7846,-341.8645,-360.8982,-365.1967,-376.8954,-398.6719,-399.783,-408.3309,-414.343,-427.8929,-447.8956,-450.9992,-453.3863,-466.9678,-467.8087,-473.5504,-476.8539,-475.3464
280,-781.8945,-812.5587,-842.2701,-869.7055,-894.9048,-916.6631,-936.048,-951.9622,-964.8419,-975.81,-982.2145,-987.1392,-989.0581,-989.5015,-987.5397,-982.169,-975.371,-967.6683,-958.3364,-946.77,-931.6415,-915.5296,-900.307,-884.8354,-871.3187,-852.0978,-833.4216,-813.2092,-794.0671,-770.8442,-750.9688,-725.5724,-703.41,-677.5668,-652.4893,-627.8264,-602.3019,-579.0485,-552.7902,-528.2267,-505.102,-481.2727,-459.4587,-437.9315,-417.4834,-396.9217,-376.8903,-356.7731,-341.3329,-325.5742,-310.5155,-296.9891,-283.6644,-271.4428,-259.8723,-249.4127,-240.1281,-231.1252,-223.2493,-215.6291,-208.9945,-202.5857,-197.5119,-192.19,-187.8624,-184.0437,-179.5532,-175.7541,-173.83,-171.1476,-169.4574,-168.0037,-167.6161,-166.4687,-165.5706,-163.7252,-164.8249,-163.0495,-164.8079,-164.6684,-165.8929,-165.2239,-163.8939,-166.5288,-166.391,-165.3983,-165.8202,-167.4314,-170.4729,-170.1835,-172.4177,-173.2943,-174.5374,-176.3368,-178.4039,-178.1552,-179.1719,-182.3702,-182.079,-183.7459,-183.1872,-182.5358,-182.3426,-181.9381,-183.1555,-181.2838,-182.458,-182.6402,-181.3226,-184.1031,-184.7002,-185.0307,-188.4569,-189.3787,-193.0552,-194.1356,-194.8384,-198.5118,-199.1914,-202.6861,-209.5324,-214.4827,-214.3069,-224.6166,-228.4521,-230.5883,-237.3521,-246.3565,-256.8472,-259.3626,-261.9431,-269.3711,-279.4454,-287.1411,-288.7833,-298.4456,-300.1619,-310.2612,-307.2411,-308.62,-313.6131
290,-678.2679,-704.5217,-726.0107,-745.5325,-761.8564,-774.2892,-784.2768,-790.8381,-795.6808,-797.4436,-797.7731,-794.5595,-789.976,-784.9908,-777.3887,-766.3732,-755.9534,-742.6922,-730.3659,-714.4594,-698.1044,-681.8806,-664.975,-647.7348,-631.4894,-613.4775,-594.5629,-576.2424,-557.8606,-536.3521,-518.7562,-498.387,-480.1131,-460.0598,-440.2848,-422.0383,-402.1258,-385.8294,-366.5123,-350.4508,-333.7258,-318.2921,-303.6513,-289.263,-275.8708,-263.1683,-250.8172,-237.8624,-227.9745,-218.5281,-209.342,-200.9969,-192.9592,-184.9928,-178.5547,-171.9631,-166.1864,-160.5742,-156.1007,-152.195,-148.3056,-144.4646,-141.9564,-138.9632,-136.7935,-134.4745,-132.8124,-130.792,-129.1887,-127.9241,-127.4332,-125.9032,-126.2773,-125.9505,-125.5565,-124.589,-125.9577,-125.1556,-126.5824,-126.478,-126.7597,-125.7276,-123.2026,-125.4343,-124.6723,-125.149,-127.2182,-127.605,-127.7122,-127.6978,-128.3685,-129.372,-129.6812,-129.2435,-129.1422,-130.5887,-129.1281,-130.1241,-130.6946,-131.5123,-130.4721,-130.359,-129.1901,-128.8744,-130.1232,-130.6704,-128.3577,-127.9096,-129.6021,-130.7326,-128.5535,-130.3156,-132.2025,-131.3099,-129.8659,-130.7515,-130.559,-134.5202,-135.3381,-138.0519,-137.4009,-143.3688,-144.0525,-147.563,-150.1116,-156.0859,-156.9882,-167.3366,-173.1468,-175.4897,-179.7572,-178.7445,-187.4156,-193.0164,-197.2474,-202.2425,-202.8102,-212.4151,-211.0518,-208.9946,-212.8366
300,-584.0096,-598.7932,-611.1924,-620.6982,-627.8512,-632.2896,-634.7212,-634.7279,-632.6595,-628.6033,-622.7227,-614.6702,-606.1486,-596.4805,-586.6436,-574.4857,-561.3735,-547.4446,-533.3328,-518.5923,-502.5381,-486.9868,-471.6371,-456.624,-443.4565,-427.7588,-411.8417,-396.0819,-380.8642,-365.1382,-351.7359,-335.3857,-321.4386,-306.9973,-293.2035,-279.9124,-266.2352,-254.8844,-241.8291,-230.523,-219.7627,-210.0089,-200.2155,-190.8538,-181.999,-174.2687,-166.526,-158.4653,-152.4197,-145.9269,-140.0178,-134.7368,-129.5515,-124.42,-119.7245,-115.8123,-112.2234,-108.2151,-105.2438,-101.9478,-99.7736,-97.17818,-95.01763,-92.98935,-91.96421,-90.44843,-89.21655,-88.07583,-87.50096,-86.46835,-86.08678,-85.18959,-85.454,-84.77901,-84.58852,-83.51906,-84.69554,-83.11614,-84.26173,-84.2326,-84.29588,-84.26859,-82.89304,-84.23848,-83.88749,-84.73566,-85.66756,-86.04655,-86.35415,-86.39379,-87.79301,-87.83605,-87.54711,-87.48638,-86.90043,-87.28338,-87.61661,-88.06811,-88.12978,-87.6952,-88.37547,-88.3965,-87.30212,-88.23993,-88.84818,-87.66274,-86.29953,-87.25089,-88.44905,-85.17641,-86.31698,-88.43147,-89.70565,-88.97871,-90.16205,-89.27068,-91.42559,-93.28101,-93.32513,-97.58948,-99.75507,-103.2145,-101.5345,-106.3135,-108.5045,-109.5299,-109.1878,-113.2055,-114.4162,-120.6289,-124.1993,-122.2718,-124.1509,-135.5643,-132.1171,-137.4397,-136.7845,-140.5185,-143.8283,-145.7081,-147.502
310,-495.6505,-504.759,-511.0804,-515.0842,-516.8632,-516.5541,-514.162,-509.8417,-504.1438,-496.8586,-488.4691,-479.1372,-468.8087,-457.761,-445.8626,-432.7839,-419.6785,-406.1623,-392.588,-378.4805,-364.1379,-350.2349,-336.8611,-323.8748,-312.9394,-300.088,-287.4564,-274.9316,-263.8238,-251.4772,-241.8377,-230.0957,-220.5591,-210.295,-200.7683,-191.6372,-182.271,-174.7152,-165.774,-158.187,-151.0479,-144.7457,-138.5491,-132.4317,-126.8713,-121.7989,-116.8078,-111.1991,-107.5216,-103.4712,-99.66402,-96.45264,-93.2635,-89.98298,-87.27032,-84.74341,-82.55724,-80.15916,-77.93916,-76.0795,-74.70546,-72.86012,-71.80484,-70.45687,-69.43816,-68.01982,-67.59638,-66.41611,-65.90642,-65.2852,-65.2506,-65.10229,-65.11097,-65.18237,-64.42182,-63.52336,-63.90078,-62.35848,-63.72878,-63.4207,-64.22081,-63.7306,-63.56447,-64.35251,-63.30394,-63.30179,-64.38377,-64.55345,-64.5636,-64.03737,-64.31038,-64.6278,-64.74682,-64.21788,-63.65689,-64.29288,-64.11253,-63.9344,-63.87637,-64.19814,-64.47148,-64.6638,-64.34015,-62.91619,-63.21651,-63.49354,-62.42629,-63.06502,-62.87563,-62.95237,-63.6295,-61.67921,-62.42947,-61.16422,-62.42208,-65.04403,-63.84791,-66.46761,-67.53908,-67.2965,-70.60592,-71.14489,-71.06247,-73.22854,-76.46941,-80.41254,-81.80721,-83.5358,-84.60708,-86.95699,-87.78235,-88.89088,-91.36996,-98.25516,-98.66269,-101.5836,-99.60087,-102.7707,-103.3731,-102.1176,-103.5939
320,-416.7294,-420.6631,-422.9253,-426.0305,-425.2386,-421.8578,-416.8921,-410.8682,-403.5355,-394.9404,-385.4353,-375.326,-364.7392,-353.8533,-342.3906,-330.3844,-317.9226,-305.8073,-293.7478,-281.3637,-268.9489,-257.3312,-246.2245,-235.6058,-226.7453,-216.5836,-206.5849,-196.8468,-188.4382,-179.1221,-172.1653,-163.3591,-156.5571,-149.1246,-142.3584,-135.8914,-129.2803,-124.2667,-118.131,-113.0122,-108.2506,-104.1115,-100.0548,-96.0557,-92.42889,-89.20443,-86.07803,-82.25754,-79.77647,-77.26901,-74.13535,-72.04328,-70.00441,-68.4864,-65.30827,-63.74291,-62.5557,-61.39787,-60.40231,-59.46083,-56.70554,-54.05339,-54.60641,-54.88006,-54.37272,-53.79957,-52.93998,-52.36229,-51.94814,-51.63196,-51.24297,-51.02443,-51.07052,-50.90157,-50.32879,-49.81872,-49.98104,-49.00726,-49.36224,-49.15737,-49.58359,-49.18259,-48.73488,-49.30125,-48.56089,-48.72013,-49.02447,-49.03582,-48.79471,-48.85976,-49.27836,-49.18505,-48.91194,-49.0498,-48.88836,-48.73399,-48.2575,-48.3774,-48.18775,-48.9978,-48.37407,-47.94749,-47.62969,-47.85701,-46.9629,-46.76439,-47.82068,-47.76892,-48.04691,-48.28145,-49.29642,-48.78854,-48.62959,-48.40768,-48.62421,-48.31816,-48.85786,-49.41776,-49.99476,-51.21212,-52.90747,-54.20631,-52.11702,-53.9524,-53.21314,-55.05527,-56.79067,-58.58703,-60.0511,-62.62131,-62.6069,-63.46085,-65.29813,-68.30183,-69.62477,-70.49393,-70.58939,-74.61909,17.05168,89.38235,74.92299
330,-346.5293,-349.8055,-349.7174,-346.6796,-343.3822,-338.0588,-332.1421,-325.0163,-316.877,-308.1736,-298.6848,-289.298,-279.6124,-271.0924,-258.9015,-248.1913,-237.7109,-227.3711,-217.228,-206.9264,-196.6476,-186.9172,-178.1628,-169.8092,-163.128,-155.1663,-147.5854,-140.0875,-134.0523,-127.1001,-122.2419,-115.8295,-111.1089,-105.8272,-101.0247,-96.34492,-91.54807,-88.37357,-84.08475,-80.63456,-77.51706,-74.81496,-72.1394,-69.55824,-67.17163,-65.00537,-62.84464,-60.4573,-58.92171,-57.37402,-55.72899,-54.39528,-53.08649,-51.80842,-50.59117,-49.5008,-48.78945,-47.89084,-47.30792,-46.54403,-45.95214,-45.2326,-44.83868,-44.51054,-44.22226,-43.9463,-43.51879,-43.30193,-43.26926,-43.23365,-43.31448,-42.64424,-43.2962,-43.56242,-43.57943,-43.04432,-43.73692,-43.23994,-43.97249,-44.00626,-44.24334,-44.33917,-43.96495,-44.59057,-44.306,-44.35942,-44.75565,-44.62127,-44.42715,-44.4433,-44.67157,-44.93201,-44.63625,-44.66683,-44.02221,-44.32462,-44.0434,-43.76359,-43.34572,-43.14323,-42.74896,-42.28433,-41.94769,-41.77683,-41.11977,-40.85761,-40.5745,-40.42628,-40.52478,-39.99699,-40.10496,-40.47123,-40.00673,-39.98763,-41.4828,-41.0482,-41.38727,-41.1921,-41.52762,-42.64966,-43.46632,-44.1812,-45.0132,-43.34124,-43.6344,-44.30231,-45.09421,-45.63224,-47.94464,-48.38252,-48.82234,-50.07459,-50.4695,-53.97779,-53.30015,-54.68843,-56.86713,-43.23557,-0.863792,26.02036,21.95771
340,-290.955,-289.9066,-287.0609,-283.1744,-278.1113,-272.0064,-264.9572,-257.2887,-249.0852,-240.5264,-231.7367,-222.7254,-213.9408,-204.9202,-195.9485,-186.57,-177.8057,-169.0579,-160.6472,-152.2612,-144.0957,-136.529,-129.5159,-122.9072,-117.898,-111.7917,-105.9985,-100.1969,-95.28865,-90.13531,-86.71105,-82.06869,-78.90075,-75.16704,-71.78177,-68.653,-65.31375,-63.10661,-60.13083,-57.78936,-55.61378,-53.83258,-52.03151,-50.31793,-48.76133,-47.33844,-45.73758,-43.87452,-42.98253,-41.90207,-40.91985,-40.08562,-39.16557,-38.25313,-37.51221,-36.59771,-36.13382,-35.87989,-35.4101,-34.95873,-34.5352,-34.18108,-34.03702,-33.80183,-33.74781,-33.48479,-33.09167,-32.97056,-32.81162,-32.86129,-32.95253,-32.95682,-33.32138,-33.49205,-33.40226,-33.06175,-33.4207,-33.02092,-33.44931,-33.40396,-33.80237,-33.78389,-33.33635,-33.95931,-33.58507,-34.02226,-34.54544,-34.33705,-34.0847,-33.78222,-34.31936,-34.152,-34.41457,-34.64967,-34.44428,-34.15862,-33.74414,-33.78772,-33.86892,-32.9908,-32.5525,-32.2057,-31.35304,-31.4663,-30.77092,-30.46506,-30.35135,-31.42201,-31.04839,-30.78094,-31.00673,-30.97924,-30.62159,-30.59484,-31.48964,-31.62023,-32.02229,-32.44154,-32.7336,-32.7253,-34.2804,-33.9062,-34.62842,-34.08705,-35.06926,-36.36982,-36.56068,-36.04588,-37.4682,-38.84869,-38.79043,-39.84868,-40.30989,-37.56911,-34.75789,-42.15551,-16.76544,5.206208,11.59405,25.7443,19.65485
350,-242.7184,-239.1914,-235.4288,-230.6426,-224.8311,-218.3501,-211.3284,-203.8455,-196.0795,-188.1041,-180.0241,-171.9962,-164.119,-156.3349,-148.7124,-140.9654,-133.5069,-126.3109,-119.4231,-112.7128,-106.1678,-100.2276,-94.77612,-89.72801,-86.32603,-81.64417,-77.31464,-73.0044,-69.65174,-65.79104,-63.18675,-59.71875,-57.30103,-54.58451,-52.16752,-49.90653,-47.56622,-45.97997,-43.86341,-42.22727,-40.72099,-39.50742,-38.26017,-37.02661,-35.99263,-35.04315,-34.12635,-33.0171,-32.39122,-31.63416,-31.0353,-30.51678,-29.98076,-29.41259,-28.97416,-28.57848,-28.27362,-27.90329,-27.61193,-27.36821,-27.17772,-26.91298,-26.86464,-26.72572,-26.68727,-26.61603,-26.46165,-26.33061,-26.43903,-26.30579,-26.16809,-26.12836,-26.11596,-26.22544,-26.41905,-26.37054,-26.76982,-26.46648,-26.82802,-26.77915,-26.82696,-26.76056,-26.47632,-27.00589,-26.93426,-27.01046,-27.52874,-27.45597,-27.41451,-27.22308,-27.37691,-27.48153,-27.32226,-27.14552,-26.81262,-26.48455,-26.39452,-26.49964,-26.32932,-26.00094,-25.79216,-25.66701,-25.32004,-24.69497,-24.09919,-23.87722,-23.94781,-24.40545,-24.25485,-24.11192,-23.90903,-23.73032,-24.03993,-24.35085,-24.7848,-24.24794,-24.25884,-24.21089,-25.66275,-26.57733,-26.71511,-26.02408,-27.23688,-27.3097,-27.57788,-27.92612,-27.97808,-28.7383,-29.09948,-30.40669,-1.653993,29.94312,30.1928,33.43489,30.41264,37.17596,40.75638,28.83946,16.87055,40.31647,24.87304
360,-202.7152,-200.1329,-196.0426,-191.1354,-185.5138,-179.3584,-172.8505,-166.3816,-159.0235,-152.0965,-145.0195,-137.9961,-131.0752,-124.2471,-117.697,-111.3861,-103.8784,-97.57145,-91.90952,-86.59821,-81.88718,-77.32168,-73.62135,-69.83717,-67.26537,-63.75963,-60.37098,-56.92804,-54.27414,-51.31012,-49.03027,-46.41978,-44.64905,-42.59332,-40.75377,-39.06574,-37.25525,-36.12259,-34.40376,-33.21042,-32.11467,-31.20492,-30.28028,-29.39416,-28.57822,-27.85971,-27.14839,-26.21713,-25.8106,-25.27081,-24.7507,-24.34324,-23.98239,-23.56037,-23.26344,-22.90446,-22.70103,-22.45681,-22.26348,-22.12817,-22.05585,-21.91006,-21.96594,-21.93046,-21.9369,-21.9891,-21.82732,-21.95683,-22.07688,-22.05242,-22.04182,-22.17084,-22.57152,-22.86804,-23.0283,-23.08538,-23.36568,-23.29239,-23.83713,-23.94502,-23.86443,-24.09062,-24.24132,-24.75137,-24.79496,-24.92345,-25.14705,-25.70525,-25.82644,-25.75028,-25.88209,-25.5466,-25.23322,-25.474,-25.31491,-25.16809,-25.502,-25.37701,-25.06398,-24.62043,-24.33331,-24.05353,-24.3175,-23.90666,-23.69607,-23.90252,-23.48133,-22.91283,-23.41277,-23.12415,-23.23574,-23.08311,-23.14621,-22.63149,-22.85412,-22.70137,-23.16949,-23.01316,-23.08846,-23.3261,-23.91058,-23.71362,-23.58682,-24.04387,-24.08111,-24.91992,-24.77593,-25.25982,-24.82866,-25.27447,-24.86153,-23.09603,-13.47792,3.660828,5.010358,4.931404,12.92319,16.81489,23.11782,31.85543,19.47512
370,-170.8826,-167.0372,-162.5496,-157.3911,-151.763,-145.8486,-139.7564,-133.433,-127.1039,-120.7534,-114.4947,-108.428,-102.5927,-96.96297,-91.55012,-86.17934,-81.06232,-76.2313,-71.66295,-67.25647,-62.98732,-59.21138,-55.8412,-52.78693,-50.24822,-47.44822,-44.95205,-42.4896,-40.56822,-38.34266,-36.98736,-34.99965,-33.72155,-32.22429,-30.90965,-29.69739,-28.37485,-27.6148,-26.41819,-25.52532,-24.74452,-24.13303,-23.44931,-22.79311,-22.22462,-21.7206,-21.22625,-20.52988,-20.27709,-19.85802,-19.50642,-19.22909,-18.94406,-18.66289,-18.43246,-18.23535,-18.09901,-17.92377,-17.7995,-17.65022,-17.59496,-17.4859,-17.50272,-17.46521,-17.51771,-17.50662,-17.35895,-17.30919,-17.37551,-17.39136,-17.43818,-17.435,-17.71738,-17.86098,-17.84098,-17.72617,-17.89855,-17.59144,-18.31889,-18.49816,-18.57564,-18.76723,-18.86824,-19.13663,-18.76037,-18.81334,-19.11098,-19.11572,-19.18202,-19.27219,-19.23283,-19.16632,-19.58317,-19.51328,-19.28131,-19.18493,0.0,-18.7702,-18.73751,-18.59401,-18.21333,-18.20963,-18.05251,-17.38349,-17.24378,-16.9811,-16.94423,-16.4972,-16.49896,-16.63848,-16.64621,-16.83499,-16.4173,-16.34203,-16.73929,-16.98293,-16.67335,-16.87057,-16.63102,-16.9947,-17.20642,-17.31112,-17.26455,-17.4436,-17.36496,-17.26117,-17.66803,-18.25655,-11.36842,5.177303,1.826528,9.390996,7.501923,17.65502,20.50525,23.89839,26.91771,28.29569,23.48975,24.86338,29.19242
380,-143.2595,-139.9674,-135.7661,-131.4522,-126.6341,-121.4827,-116.142,-110.7353,-105.2287,-99.77682,-94.45801,-89.3196,-84.41303,-79.67435,-75.14466,-70.62485,-66.32646,-62.30074,-58.47929,-54.80572,-51.26482,-48.15247,-45.39588,-42.87426,-41.23526,-38.9365,-36.83111,-34.81957,-33.23847,-31.39274,-30.27817,-28.64586,-27.58628,-26.37611,-25.35126,-24.38051,-23.29168,-22.68061,-21.71851,-21.0264,-20.40499,-19.91448,-19.38709,-18.91308,-18.51744,-18.10821,-17.73177,-17.16125,-17.0036,-16.70837,-16.42648,-16.24009,-16.02331,-15.82134,-15.66923,-15.52176,-15.44982,-15.35596,-15.28862,-15.24212,-15.22275,-15.05304,-15.09374,-14.98444,-15.15427,-15.21995,-15.28045,-15.31418,-15.43465,-15.49595,-15.39772,-15.47328,-15.63311,-16.04581,-16.35413,-16.33083,-16.79117,-16.68921,-17.02166,-17.38067,-17.50845,-17.54732,-17.53174,-18.02769,-18.06192,-18.17045,-18.439,-18.66144,-18.70233,-18.94055,-18.92645,-19.0704,-19.01319,-18.75113,-18.65371,-18.62645,-18.73646,-18.64824,-18.04888,-17.9026,-17.73312,-17.48275,-17.25734,-16.99693,-16.98442,-16.55569,-16.12241,-16.07691,-15.99266,-15.9266,-15.59746,-15.47787,-15.57942,-15.31016,-15.39684,-15.40179,-15.77609,-15.6113,-15.93101,-15.67567,-15.99211,-15.84745,-15.73244,-15.01294,-15.5196,-15.35407,-15.4677,-13.95398,-9.465638,11.29812,14.17674,21.67007,28.37523,32.35305,26.29351,33.57127,29.05129,28.09353,20.25455,23.92855,23.19611
390,-124.1011,-121.9845,-118.1696,-114.1109,-110.046,-105.3924,-100.6065,-95.77051,-90.9367,-86.23376,-81.59189,-77.15031,-72.89756,-68.78255,-64.87947,-61.00459,-57.27808,-53.77047,-50.51712,-47.35506,-44.29007,-41.57783,-39.18334,-37.01066,-35.64681,-33.61448,-31.76695,-28.77519,-27.3893,-25.8003,-24.84779,-23.45139,-22.52597,-21.47204,-20.50462,-19.62556,-19.57748,-19.2809,-18.42752,-17.8231,-17.27231,-16.88543,-16.43782,-15.97493,-15.61283,-15.3093,-14.9984,-14.53889,-14.43069,-14.18404,-12.93871,-13.56422,-12.76367,-12.52596,-12.68703,-12.56387,-12.4168,-12.39476,-12.39111,-12.40372,-12.45907,-12.45333,-12.57428,-12.62016,-12.67865,-12.80407,-12.93065,-13.00761,-13.10002,-13.11888,-13.16098,-13.45619,-13.63293,-13.88049,-14.05765,-14.14807,-14.50971,-14.48957,-14.9171,-15.0072,-15.26497,-15.43335,-15.39551,-15.69913,-15.84393,-15.92789,-16.08508,-16.40429,-16.51017,-16.38797,-16.71919,-16.53197,-16.44177,-16.46905,-16.48037,-16.48962,-16.46724,-16.47793,-16.23016,-15.83434,-15.72353,-15.4303,-15.2593,-15.42009,-14.89819,-14.80327,-14.40736,-14.18782,-14.41166,-14.07011,-14.0378,-14.08215,-13.8889,-14.09108,-13.79638,-13.79816,-13.46051,-13.78284,-14.03608,-13.81692,-11.8914,0.5424147,8.446861,9.973711,13.10769,15.58657,17.03531,20.24274,20.04598,19.90769,20.10079,22.02497,22.79839,13.74345,23.70067,20.08993,20.93595,20.38435,25.37543,17.77962,19.53295
400,-108.1025,-105.1488,-101.694,-97.99684,-94.10651,-90.20306,-86.08015,-81.95539,-77.85191,-73.80793,-69.87688,-66.10361,-62.49969,-59.03954,-55.74205,-52.41087,-49.28728,-46.32118,-43.53716,-40.82148,-38.1827,-35.87991,-33.83101,-31.95426,-30.87906,-29.07924,-27.3643,-25.69752,-24.44611,-23.06868,-22.38119,-21.07075,-20.18104,-19.27898,-18.47312,-17.7805,-17.06876,-16.61457,-15.79994,-15.23605,-14.77662,-14.05736,-14.08777,-13.15396,-13.26345,-12.60484,-12.5286,-12.09298,-11.74498,-11.59019,-11.45667,-11.30711,-11.29436,-11.32179,-11.17018,-10.9942,-10.95904,-10.84842,-10.91525,-10.94446,-11.00373,-10.99378,-11.10845,-11.13893,-11.31416,-11.21369,-11.07643,-11.26226,-11.36484,-11.75698,-11.67535,-11.77591,-11.83642,-12.40549,-12.61963,-12.82409,-12.75624,-13.1356,-13.63324,-13.82521,-13.98392,-14.14588,-14.14609,-14.55393,-14.55452,-14.63734,-14.67593,-14.8093,-14.68304,-14.55636,-14.72114,-14.76452,-14.69602,-14.97242,-14.95457,-14.7858,-14.70204,-14.8489,-14.69454,-14.67537,-14.69167,-14.56681,-14.29779,-14.26296,-14.00455,-13.78535,-13.24055,-13.07305,-12.98346,-13.02646,-13.01926,-12.91017,-12.78646,-12.71624,-12.61653,-12.46588,-12.37951,-11.78963,-3.798565,-7.627122,-5.882782,-1.249129,5.991616,14.89352,20.7825,23.10424,22.81008,22.14031,25.79196,25.00766,23.40172,24.48995,24.22643,18.86234,18.08889,18.61941,19.19243,15.54223,16.62303,13.13942,14.12614
410,-92.73783,-90.12923,-87.13306,-83.89047,-80.4904,-77.01868,-73.51486,-69.99305,-66.51625,-63.0995,-59.77557,-56.60483,-53.58559,-50.6715,-47.88917,-45.09142,-42.44421,-39.94344,-37.59316,-35.29678,-33.07806,-31.1406,-29.4121,-27.82181,-26.97918,-25.43799,-24.13829,-22.74675,-21.75935,-20.55615,-19.84439,-18.76246,-18.07827,-17.29476,-16.58942,-15.94349,-15.19753,-14.80526,-14.15883,-13.6963,-13.33776,-13.15037,-12.79927,-12.34185,-12.08194,-11.82139,-11.58542,-11.24656,-11.14613,-11.02894,-10.89091,-10.7739,-10.67247,-10.54871,-10.4858,-10.42749,-10.40856,-10.38828,-10.36432,-10.37569,-10.43379,-10.43175,-10.53473,-10.62972,-10.76939,-10.87959,-11.00504,-11.1192,-11.1989,-11.32199,-11.50904,-11.68675,-12.01466,-12.10299,-12.3548,-12.42147,-12.69199,-12.70054,-13.06246,-13.2414,-13.48142,-13.70825,-13.69855,-14.10529,-14.1566,-14.28049,-14.59069,-14.75438,-14.81669,-14.79561,-14.92581,-15.00378,-15.05684,-15.02085,-14.98748,-14.91662,-14.84785,-14.62735,-14.44833,-14.34469,-14.14338,-13.85493,-13.75221,-13.69427,-13.24976,-13.21644,-12.9745,-12.80458,-12.85644,-12.83763,-12.88702,-12.58424,-12.3222,-12.27807,-12.38521,-12.34176,-12.36615,-0.2439143,9.254057,11.7627,17.89489,17.35104,18.87954,19.84104,20.96663,18.98271,18.29327,16.91526,16.55293,17.79879,15.66532,16.45942,11.97957,12.68121,14.4608,10.23585,12.9519,11.9585,12.82337,9.002279,11.53113
420,-81.16354,-78.30846,-76.77227,-73.25889,-70.13298,-67.1715,-64.16009,-61.60093,-58.95201,-55.23541,-52.41574,-49.6793,-47.61673,-44.76766,-42.18898,-39.76242,-37.72658,-35.74171,-33.75937,-31.33183,-29.41302,-27.74717,-26.26555,-24.89341,-24.22544,-22.87292,-21.72366,-20.49323,-19.38651,-18.14923,-17.50919,-16.51066,-15.94761,-15.24768,-14.63153,-14.05453,-13.43611,-13.01465,-12.44549,-12.15777,-11.78028,-11.55198,-11.37847,-11.16806,-10.96375,-10.6616,-10.40226,-10.08621,-10.01606,-9.912786,-9.802752,-9.714675,-9.645219,-9.568789,-9.517519,-9.511325,-9.515017,-9.520508,-9.557556,-9.678131,-9.748854,-9.765278,-9.894446,-9.982675,-10.03332,-10.27943,-10.33392,-10.372,-10.42407,-10.50522,-10.89296,-11.02215,-11.28156,-11.26755,-11.52077,-11.53988,-11.85084,-12.06421,-12.41205,-12.6227,-12.91662,-12.91163,-12.81361,-13.20321,-13.46618,-13.69902,-14.07444,-14.10175,-14.3292,-14.35558,-14.49641,-14.63725,-14.70259,-14.67127,-14.71378,-14.74524,-14.7398,-14.58501,-14.39837,-14.41373,-14.22381,-14.08949,-13.55606,-13.31949,-13.07032,-12.92843,-12.6535,-12.3377,-12.33618,-12.23636,-12.22266,-12.04018,-11.88544,-11.88713,-11.77986,-11.19895,-6.165454,3.289425,8.441116,13.4936,16.52637,17.50746,18.69943,17.75064,21.34576,19.05693,20.13587,22.34053,16.85778,14.53917,14.14148,15.47185,14.4829,12.30668,15.97292,11.75625,11.49356,9.501788,10.57396,9.991593,10.36179
430,-70.68811,-68.12814,-65.94123,-63.53588,-61.03818,-59.20682,-56.62549,-54.03856,-51.45652,-48.95433,-46.52171,-44.24097,-42.01459,-39.85147,-37.79415,-35.68401,-33.7258,-31.85615,-30.10179,-28.43473,-26.74895,-25.2749,-23.955,-22.75705,-22.00181,-20.64398,-19.44983,-18.44653,-17.85891,-16.80288,-16.20806,-15.27685,-14.75357,-14.05287,-13.50712,-12.98925,-12.39917,-12.10189,-11.54786,-11.15253,-10.78116,-10.58525,-10.32113,-10.0212,-9.900248,-9.768013,-9.574374,-9.321106,-9.2813,-9.10348,-9.032722,-9.204166,-9.102286,-8.982977,-8.994067,-9.011277,-8.960744,-8.972665,-8.967019,-9.042908,-9.102149,-9.158971,-9.201314,-9.293474,-9.470909,-9.602117,-9.685239,-9.766122,-9.748868,-9.905915,-10.11182,-10.29109,-10.51836,-10.64694,-10.79235,-10.85325,-11.2441,-11.30284,-11.6766,-11.74707,-11.88169,-12.07401,-12.16389,-12.38473,-12.44393,-12.67518,-13.01991,-13.073,-13.23818,-13.27991,-13.49961,-13.47842,-13.72337,-13.68656,-13.65655,-13.48031,-13.33607,-12.99329,-12.74286,-13.14131,-12.86708,-12.95864,-12.58244,-12.68167,-12.55017,-12.42631,-11.94994,-12.23115,-12.37048,-11.42513,-11.71901,-11.70548,-11.23425,-10.87338,-10.71169,-10.68998,-11.10861,-8.004424,-7.453552,-5.927596,3.935403,6.893445,6.698151,6.375193,5.396922,5.615524,11.35976,10.95884,13.20835,13.40934,14.42437,15.73164,15.48869,11.24288,15.83893,13.16351,14.49468,13.07223,18.08435,11.49678,13.65019
440,-58.42315,-57.00351,-55.40894,-53.75796,-51.90861,-49.81562,-47.74366,-45.69267,-43.66245,-41.64986,-39.66058,-37.81091,-36.16083,-34.37474,-32.72679,-30.96488,-29.31065,-27.75871,-26.24392,-24.79636,-23.39926,-22.14211,-21.02693,-20.02248,-19.55051,-18.57444,-17.61402,-16.72161,-16.09056,-15.2722,-14.88019,-14.05141,-13.64569,-13.07872,-12.59279,-12.14161,-11.63009,-11.31274,-10.76629,-10.4971,-10.265,-10.06834,-9.86184,-9.567858,-9.265597,-9.197638,-9.055456,-8.855625,-8.806708,-8.692058,-8.533719,-8.512151,-8.510323,-8.375012,-8.300438,-8.231394,-8.343687,-8.405946,-8.506766,-8.475574,-8.416297,-8.450956,-8.520264,-8.67513,-8.746801,-8.929893,-9.00395,-9.028464,-9.243223,-9.239315,-9.481008,-9.577673,-9.555631,-9.589077,-9.606368,-9.657821,-9.965765,-9.84485,-10.35678,-10.49615,-10.78069,-10.92023,-10.96876,-11.28786,-11.31852,-11.46521,-11.75821,-11.90825,-11.99327,-12.00699,-12.01347,-12.22228,-12.23033,-12.09122,-12.11252,-11.99912,-12.20698,-12.21537,-12.15054,-12.04703,-11.98154,-11.77188,-11.64221,-11.66037,-11.51498,-11.34799,-11.58764,-10.99149,-11.55349,-11.01171,-11.00669,-11.01374,-11.09585,-10.85014,-10.9644,-9.99805,-7.779244,-1.726304,-1.266706,-0.6337587,-2.365443,0.5375373,4.169163,6.651031,11.51904,12.25665,11.94902,10.15545,9.799056,13.42932,11.96836,13.76401,13.14263,11.4991,11.84072,9.901456,10.99733,9.710027,7.099994,7.987332,7.335546
450,-50.99653,-49.64405,-48.18044,-46.71749,-45.31647,-43.58223,-41.7952,-40.01429,-38.21592,-36.44347,-34.82675,-33.27369,-31.76185,-30.31127,-28.87201,-27.40547,-26.01782,-24.67488,-23.41346,-22.142,-20.89673,-19.81009,-18.8563,-17.98879,-17.61872,-16.77654,-15.9792,-15.18884,-14.64756,-13.87956,-13.47577,-12.75811,-12.35666,-11.81083,-11.36573,-10.98696,-10.52994,-10.32123,-9.872715,-9.578733,-9.351871,-9.181938,-9.001666,-8.788217,-8.637478,-8.548233,-8.43557,-8.227735,-8.205923,-8.117182,-8.035476,-8.045428,-8.012284,-7.786307,-7.915293,-7.940652,-7.939493,-7.975965,-8.038219,-7.981181,-7.817912,-7.751345,-7.52184,-8.094116,-8.4314,-8.440385,-8.56976,-8.611769,-8.75648,-8.858793,-9.034404,-9.114761,-9.376153,-9.38563,-9.504327,-9.55216,-9.81717,-10.01333,-10.16391,-10.27249,-10.62978,-10.73475,-10.61907,-10.76722,-10.80194,-11.11005,-11.61375,-11.75444,-11.73685,-11.77127,-11.74626,-11.92755,-11.81827,-11.87116,-11.69236,-11.76383,-11.62525,-11.49519,-11.37547,-11.28947,-11.31341,-11.00786,-10.78319,-10.68344,-10.60689,-10.45376,-10.13645,-10.17413,-10.01156,-10.28263,-10.21948,-10.28723,-7.440302,-1.283806,-0.4824802,1.43704,2.629964,2.04788,4.396631,4.310574,7.897981,8.796638,8.373266,10.12145,10.84461,12.16109,12.29747,14.91906,10.329,10.32345,10.43391,10.99001,10.70749,7.291743,7.729328,9.133318,6.708105,6.249822,6.858437,6.222067,5.906398
